M4id,category,Frequency,Horizon,SP,StartingDate,non_null_count,V1,V2,V3,V4,V5,V6,V7,V8,V9,V10,V11,V12,V13,V14,V15,V16,V17,V18,V19,V20,V21,V22,V23,V24,V25,V26,V27,V28,V29,V30,V31,V32,V33,V34,V35,V36,V37,V38,V39,V40,V41,V42,V43,V44,V45,V46,V47,V48,V49,V50,V51,V52,V53,V54,V55,V56,V57,V58,V59,V60,V61,V62,V63,V64,V65,V66,V67,V68,V69,V70,V71,V72,V73,V74,V75,V76,V77,V78,V79,V80,V81,V82,V83,V84,V85,V86,V87,V88,V89,V90,V91,V92,V93,V94,V95,V96,V97,V98,V99,V100,V101,V102,V103,V104,V105,V106,V107,V108,V109,V110,V111,V112,V113,V114,V115,V116,V117,V118,V119,V120,V121,V122,V123,V124,V125,V126,V127,V128,V129,V130,V131,V132,V133,V134,V135,V136,V137,V138,V139,V140,V141,V142,V143,V144,V145,V146,V147,V148,V149,V150,V151,V152,V153,V154,V155,V156,V157,V158,V159,V160,V161,V162,V163,V164,V165,V166,V167,V168,V169,V170,V171,V172,V173,V174,V175,V176,V177,V178,V179,V180,V181,V182,V183,V184,V185,V186,V187,V188,V189,V190,V191,V192,V193,V194,V195,V196,V197,V198,V199,V200,V201,V202,V203,V204,V205,V206,V207,V208,V209,V210,V211,V212,V213,V214,V215,V216,V217,V218,V219,V220,V221,V222,V223,V224,V225,V226,V227,V228,V229,V230,V231,V232,V233,V234,V235,V236,V237,V238,V239,V240,V241,V242,V243,V244,V245,V246,V247,V248,V249,V250,V251,V252,V253,V254,V255,V256,V257,V258,V259,V260,V261,V262,V263,V264,V265,V266,V267,V268,V269,V270,V271,V272,V273,V274,V275,V276,V277,V278,V279,V280,V281,V282,V283,V284,V285,V286,V287,V288,V289,V290,V291,V292,V293,V294,V295,V296,V297,V298,V299,V300,V301,V302,V303,V304,V305,V306,V307,V308,V309,V310,V311,V312,V313,V314,V315,V316,V317,V318,V319,V320,V321,V322,V323,V324,V325,V326,V327,V328,V329,V330,V331,V332,V333,V334,V335,V336,V337,V338,V339,V340,V341,V342,V343,V344,V345,V346,V347,V348,V349,V350,V351,V352,V353,V354,V355,V356,V357,V358,V359,V360,V361,V362,V363,V364,V365,V366,V367,V368,V369,V370,V371,V372,V373,V374,V375,V376,V377,V378,V379,V380,V381,V382,V383,V384,V385,V386,V387,V388,V389,V390,V391,V392,V393,V394,V395,V396,V397,V398,V399,V400,V401,V402,V403,V404,V405,V406,V407,V408,V409,V410,V411,V412,V413,V414,V415,V416,V417,V418,V419,V420,V421,V422,V423,V424,V425,V426,V427,V428,V429,V430,V431,V432,V433,V434,V435,V436,V437,V438,V439,V440,V441,V442,V443,V444,V445,V446,V447,V448,V449,V450,V451,V452,V453,V454,V455,V456,V457,V458,V459,V460,V461,V462,V463,V464,V465,V466,V467,V468,V469,V470,V471,V472,V473,V474,V475,V476,V477,V478,V479,V480,V481,V482,V483,V484,V485,V486,V487,V488,V489,V490,V491,V492,V493,V494,V495,V496,V497,V498,V499,V500,V501,V502,V503,V504,V505,V506,V507,V508,V509,V510,V511,V512,V513,V514,V515,V516,V517,V518,V519,V520,V521,V522,V523,V524,V525,V526,V527,V528,V529,V530,V531,V532,V533,V534,V535,V536,V537,V538,V539,V540,V541,V542,V543,V544,V545,V546,V547,V548,V549,V550,V551,V552,V553,V554,V555,V556,V557,V558,V559,V560,V561,V562,V563,V564,V565,V566,V567,V568,V569,V570,V571,V572,V573,V574,V575,V576,V577,V578,V579,V580,V581,V582,V583,V584,V585,V586,V587,V588,V589,V590,V591,V592,V593,V594,V595,V596,V597,V598,V599,V600,V601,V602,V603,V604,V605,V606,V607,V608,V609,V610,V611,V612,V613,V614,V615,V616,V617,V618,V619,V620,V621,V622,V623,V624,V625,V626,V627,V628,V629,V630,V631,V632,V633,V634,V635,V636,V637,V638,V639,V640,V641,V642,V643,V644,V645,V646,V647,V648,V649,V650,V651,V652,V653,V654,V655,V656,V657,V658,V659,V660,V661,V662,V663,V664,V665,V666,V667,V668,V669,V670,V671,V672,V673,V674,V675,V676,V677,V678,V679,V680,V681,V682,V683,V684,V685,V686,V687,V688,V689,V690,V691,V692,V693,V694,V695,V696,V697,V698,V699,V700,V701,V702,V703,V704,V705,V706,V707,V708,V709,V710,V711,V712,V713,V714,V715,V716,V717,V718,V719,V720,V721,V722,V723,V724,V725,V726,V727,V728,V729,V730,V731,V732,V733,V734,V735,V736,V737,V738,V739,V740,V741,V742,V743,V744,V745,V746,V747,V748,V749,V750,V751,V752,V753,V754,V755,V756,V757,V758,V759,V760,V761,V762,V763,V764,V765,V766,V767,V768,V769,V770,V771,V772,V773,V774,V775,V776,V777,V778,V779,V780,V781,V782,V783,V784,V785,V786,V787,V788,V789,V790,V791,V792,V793,V794,V795,V796,V797,V798,V799,V800,V801,V802,V803,V804,V805,V806,V807,V808,V809,V810,V811,V812,V813,V814,V815,V816,V817,V818,V819,V820,V821,V822,V823,V824,V825,V826,V827,V828,V829,V830,V831,V832,V833,V834,V835,V836,V837,V838,V839,V840,V841,V842,V843,V844,V845,V846,V847,V848,V849,V850,V851,V852,V853,V854,V855,V856,V857,V858,V859,V860,V861,V862,V863,V864,V865,V866,V867
Q11846,Demographic,4,8,Quarterly,30-09-80 12:00,126,Q11846,2342.195,2332.54,2391.099,2383.951,2240.365,2092.201,2049.683,1755.435,1563.336,1422.038,1299.028,1190.751,1378.706,1437.23,1493.841,1637.402,1598.648,1674.007,1716.206,1671.639,1755.098,1692.66,1594.311,1561.014,1470.771,1371.415,1330.984,1370.706,1311.766,1454.673,1647.305,1735.899,1935.647,2046.294,2106.266,2141.677,2129.16,2042.498,1895.722,1948.544,1714.583,1798.854,1835.65,1750.014,1600.725,1762.168,1864.074,1946.094,2122.114,2081.898,2124.409,2015.145,2204.386,2119.477,2121.685,2368.055,2357.59,2482.466,2387.612,2461.974,2403.74,2159.552,2143.866,2034.521,2086.483,2112.541,2181.484,2138.413,2186.292,2393.953,2569.758,2663.584,2710.657,2807.797,2821.947,2914.651,2887.173,2882.795,3108.614,3446.516,2431.239,2079.471,1926.231,1908.582,2116.183,2476.851,2602.506,2846.971,2943.0,3149.702,3076.63,2976.447,2952.91,3100.26,3196.416,3097.553,3121.174,2839.73,2679.092,2684.975,2591.625,2288.964,2342.751,2344.98,2194.978,2269.583,2334.684,2121.709,2174.398,2149.357,2123.102,2090.953,2109.093,2171.08,1924.058,1980.623,1994.282,1971.784,2157.758,2438.019,2338.066,2288.483,2477.118,2224.904,2218.032,2174.342,,,,,,,,,,,,,,,,,,,,,,,,,,,,,,,,,,,,,,,,,,,,,,,,,,,,,,,,,,,,,,,,,,,,,,,,,,,,,,,,,,,,,,,,,,,,,,,,,,,,,,,,,,,,,,,,,,,,,,,,,,,,,,,,,,,,,,,,,,,,,,,,,,,,,,,,,,,,,,,,,,,,,,,,,,,,,,,,,,,,,,,,,,,,,,,,,,,,,,,,,,,,,,,,,,,,,,,,,,,,,,,,,,,,,,,,,,,,,,,,,,,,,,,,,,,,,,,,,,,,,,,,,,,,,,,,,,,,,,,,,,,,,,,,,,,,,,,,,,,,,,,,,,,,,,,,,,,,,,,,,,,,,,,,,,,,,,,,,,,,,,,,,,,,,,,,,,,,,,,,,,,,,,,,,,,,,,,,,,,,,,,,,,,,,,,,,,,,,,,,,,,,,,,,,,,,,,,,,,,,,,,,,,,,,,,,,,,,,,,,,,,,,,,,,,,,,,,,,,,,,,,,,,,,,,,,,,,,,,,,,,,,,,,,,,,,,,,,,,,,,,,,,,,,,,,,,,,,,,,,,,,,,,,,,,,,,,,,,,,,,,,,,,,,,,,,,,,,,,,,,,,,,,,,,,,,,,,,,,,,,,,,,,,,,,,,,,,,,,,,,,,,,,,,,,,,,,,,,,,,,,,,,,,,,,,,,,,,,,,,,,,,,,,,,,,,,,,,,,,,,,,,,,,,,,,,,,,,,,,,,,,,,,,,,,,,,,,,,,,,,,,,,,,,,,,,,,,,,,,,,,,,,,,,,,,,,,,,,,,,
Q11974,Demographic,4,8,Quarterly,30-06-84 12:00,111,Q11974,1223.54,1469.36,1656.98,1550.99,1781.84,1610.66,1829.09,2017.24,1862.29,2309.53,2680.87,2593.54,3104.63,3257.94,3355.54,3483.29,3305.15,3041.73,3114.26,3272.98,2147.37,2011.79,2425.78,2309.76,2548.76,2707.49,2474.66,2523.29,2022.22,1858.42,1640.26,1917.51,2610.26,2831.51,3261.31,3307.15,3424.71,3073.74,2625.44,2595.3,2638.82,2668.07,2343.4,1916.31,2341.21,2350.23,2305.14,2480.7,2220.46,2366.41,2179.18,2212.27,1176.92,1134.51,912.78,771.22,757.88,820.45,949.58,1402.56,1740.61,1629.87,1648.31,2294.26,2345.92,2432.3,2547.09,2545.49,4457.08,4244.55,3376.69,3445.48,3511.22,3671.04,4435.45,4319.11,4554.36,4722.18,4901.81,4600.44,4326.07,4382.62,4408.3,3114.06,2218.81,2285.85,2337.16,1792.75,1734.09,1845.83,1684.02,1588.25,1932.08,2841.41,3186.19,4233.33,5538.83,5996.84,7759.27,9002.99,10140.71,12747.45,18199.1,22252.26,23254.72,23591.22,22786.78,22545.72,23898.98,17461.0,18090.73,,,,,,,,,,,,,,,,,,,,,,,,,,,,,,,,,,,,,,,,,,,,,,,,,,,,,,,,,,,,,,,,,,,,,,,,,,,,,,,,,,,,,,,,,,,,,,,,,,,,,,,,,,,,,,,,,,,,,,,,,,,,,,,,,,,,,,,,,,,,,,,,,,,,,,,,,,,,,,,,,,,,,,,,,,,,,,,,,,,,,,,,,,,,,,,,,,,,,,,,,,,,,,,,,,,,,,,,,,,,,,,,,,,,,,,,,,,,,,,,,,,,,,,,,,,,,,,,,,,,,,,,,,,,,,,,,,,,,,,,,,,,,,,,,,,,,,,,,,,,,,,,,,,,,,,,,,,,,,,,,,,,,,,,,,,,,,,,,,,,,,,,,,,,,,,,,,,,,,,,,,,,,,,,,,,,,,,,,,,,,,,,,,,,,,,,,,,,,,,,,,,,,,,,,,,,,,,,,,,,,,,,,,,,,,,,,,,,,,,,,,,,,,,,,,,,,,,,,,,,,,,,,,,,,,,,,,,,,,,,,,,,,,,,,,,,,,,,,,,,,,,,,,,,,,,,,,,,,,,,,,,,,,,,,,,,,,,,,,,,,,,,,,,,,,,,,,,,,,,,,,,,,,,,,,,,,,,,,,,,,,,,,,,,,,,,,,,,,,,,,,,,,,,,,,,,,,,,,,,,,,,,,,,,,,,,,,,,,,,,,,,,,,,,,,,,,,,,,,,,,,,,,,,,,,,,,,,,,,,,,,,,,,,,,,,,,,,,,,,,,,,,,,,,,,,,,,,,,,,,,,,,,,,,,,,,,,,,,,,,,,,,,,,,,,,,,,,
Q12170,Demographic,4,8,Quarterly,30-11-84 12:00,115,Q12170,5456.12665,5337.00224,5428.33956,5407.7538,5465.62049,5466.86782,5387.72061,5428.95744,5480.57232,5425.8049,5429.44655,5429.2955,5657.00532,5574.61566,5521.38193,5554.25158,5597.44915,5401.76057,5477.30738,5456.91994,5481.25269,5519.78251,5466.98636,5410.75204,5495.19341,5479.90215,5489.43476,5412.96644,5667.59789,5435.6735,5469.93532,5470.97667,5567.21667,5465.85184,5397.33751,5423.15283,5447.43323,5477.31461,5458.23587,5518.78925,5538.42543,5618.02273,5386.45848,5349.03236,5509.32414,5490.02446,5416.02339,5489.60685,5584.48272,5527.95266,5412.87025,5414.47092,5570.5138,5563.56661,5334.67599,5397.61046,5564.18397,5424.05318,5406.5391,5403.46082,5440.23898,5455.80678,5338.02278,5371.06835,5390.73903,5352.01573,5365.24251,5363.06232,5426.11185,5403.31094,5297.43744,5245.3027,5371.55566,5247.01092,5229.25721,5284.08783,5322.25133,5330.06308,5239.55121,5164.95198,5287.12807,5172.84909,5148.50522,5154.16278,5216.39982,5155.53467,5110.45625,5133.86191,5207.27982,5165.38951,5184.63898,5167.23825,5278.32103,5091.55926,5227.0711,5153.7983,5255.55737,4957.26842,5140.47556,5173.84411,5179.07294,4978.81819,4991.11907,4941.86449,5075.89608,4977.23671,4969.97099,5052.10046,5065.74454,4939.85552,5081.85673,4885.01217,5117.62267,4861.06838,4955.53819,,,,,,,,,,,,,,,,,,,,,,,,,,,,,,,,,,,,,,,,,,,,,,,,,,,,,,,,,,,,,,,,,,,,,,,,,,,,,,,,,,,,,,,,,,,,,,,,,,,,,,,,,,,,,,,,,,,,,,,,,,,,,,,,,,,,,,,,,,,,,,,,,,,,,,,,,,,,,,,,,,,,,,,,,,,,,,,,,,,,,,,,,,,,,,,,,,,,,,,,,,,,,,,,,,,,,,,,,,,,,,,,,,,,,,,,,,,,,,,,,,,,,,,,,,,,,,,,,,,,,,,,,,,,,,,,,,,,,,,,,,,,,,,,,,,,,,,,,,,,,,,,,,,,,,,,,,,,,,,,,,,,,,,,,,,,,,,,,,,,,,,,,,,,,,,,,,,,,,,,,,,,,,,,,,,,,,,,,,,,,,,,,,,,,,,,,,,,,,,,,,,,,,,,,,,,,,,,,,,,,,,,,,,,,,,,,,,,,,,,,,,,,,,,,,,,,,,,,,,,,,,,,,,,,,,,,,,,,,,,,,,,,,,,,,,,,,,,,,,,,,,,,,,,,,,,,,,,,,,,,,,,,,,,,,,,,,,,,,,,,,,,,,,,,,,,,,,,,,,,,,,,,,,,,,,,,,,,,,,,,,,,,,,,,,,,,,,,,,,,,,,,,,,,,,,,,,,,,,,,,,,,,,,,,,,,,,,,,,,,,,,,,,,,,,,,,,,,,,,,,,,,,,,,,,,,,,,,,,,,,,,,,,,,,,,,,,,,,,,,,,,,,,,,,,,,,,,,,,,,,,,,,,,,,,,,,,,,,,,,,,,,,,,,,,,
Q12673,Demographic,4,8,Quarterly,30-06-84 12:00,122,Q12673,1007.302,1182.145,1207.322,1269.786,1398.471,1380.563,1393.431,1482.961,1493.521,1520.439,1488.634,1547.89,1565.67,1552.297,1587.256,1738.8,1760.987,1892.856,1977.586,2113.57,2349.041,2351.008,2203.777,2248.52,2138.188,2003.128,1717.658,1639.761,1535.126,1551.418,1554.331,1549.557,1521.121,1527.37,1554.901,1535.377,1537.865,1456.639,1540.602,1691.654,1835.368,1881.439,1817.645,1818.431,1805.078,1776.045,1624.372,1693.944,1811.948,1811.16,1686.894,1765.235,1940.842,2058.041,2236.215,2406.621,2686.468,2838.909,2881.15,3115.629,3196.323,3760.961,4054.425,4717.08,4795.421,4779.408,4607.688,4793.7,4889.733,5679.976,5845.532,6497.626,6883.062,7371.825,7496.651,8008.554,8183.497,8748.696,8755.114,8971.25,9294.107,9033.385,8948.036,8846.352,8928.156,8690.592,8210.61,7867.535,8057.194,8597.939,8390.739,8141.094,8393.601,8733.569,9283.828,9908.47,10367.99,11222.283,10821.881,11113.687,10591.73,10694.867,10907.518,11962.644,12811.536,14213.567,13875.71,14634.108,15269.669,15570.463,15120.657,15542.468,15858.836,16597.048,16322.467,15601.333,15854.353,15299.421,14972.234,15599.945,16031.698,16824.803,,,,,,,,,,,,,,,,,,,,,,,,,,,,,,,,,,,,,,,,,,,,,,,,,,,,,,,,,,,,,,,,,,,,,,,,,,,,,,,,,,,,,,,,,,,,,,,,,,,,,,,,,,,,,,,,,,,,,,,,,,,,,,,,,,,,,,,,,,,,,,,,,,,,,,,,,,,,,,,,,,,,,,,,,,,,,,,,,,,,,,,,,,,,,,,,,,,,,,,,,,,,,,,,,,,,,,,,,,,,,,,,,,,,,,,,,,,,,,,,,,,,,,,,,,,,,,,,,,,,,,,,,,,,,,,,,,,,,,,,,,,,,,,,,,,,,,,,,,,,,,,,,,,,,,,,,,,,,,,,,,,,,,,,,,,,,,,,,,,,,,,,,,,,,,,,,,,,,,,,,,,,,,,,,,,,,,,,,,,,,,,,,,,,,,,,,,,,,,,,,,,,,,,,,,,,,,,,,,,,,,,,,,,,,,,,,,,,,,,,,,,,,,,,,,,,,,,,,,,,,,,,,,,,,,,,,,,,,,,,,,,,,,,,,,,,,,,,,,,,,,,,,,,,,,,,,,,,,,,,,,,,,,,,,,,,,,,,,,,,,,,,,,,,,,,,,,,,,,,,,,,,,,,,,,,,,,,,,,,,,,,,,,,,,,,,,,,,,,,,,,,,,,,,,,,,,,,,,,,,,,,,,,,,,,,,,,,,,,,,,,,,,,,,,,,,,,,,,,,,,,,,,,,,,,,,,,,,,,,,,,,,,,,,,,,,,,,,,,,,,,,,,,,,,,,,,,,,,,,,,,,,,,,,,,,,,,,,,,,,,,,,
Q13050,Demographic,4,8,Quarterly,31-03-71 12:00,735,Q13050,3161.0,3187.0,3188.0,3186.0,3199.0,3226.0,3265.0,3291.0,3303.0,3303.0,3292.0,3274.0,3254.0,3247.0,3262.0,3285.0,3319.0,3336.0,3339.0,3344.0,3350.0,3351.0,3348.0,3337.0,3323.0,3315.0,3329.0,3355.0,3391.0,3430.0,3460.0,3479.0,3503.0,3532.0,3547.0,3562.0,3572.0,3584.0,3601.0,3606.0,3609.0,3599.0,3598.0,3600.0,3615.0,3628.0,3647.0,3664.0,3676.0,3677.0,3678.0,3668.0,3658.0,3653.0,3652.0,3659.0,3656.0,3660.0,3664.0,3681.0,3693.0,3708.0,3718.0,3733.0,3750.0,3762.0,3781.0,3796.0,3810.0,3822.0,3833.0,3853.0,3868.0,3888.0,3906.0,3912.0,3925.0,3929.0,3942.0,3954.0,3972.0,3996.0,4013.0,4033.0,4051.0,4070.0,4092.0,4108.0,4125.0,4139.0,4155.0,4158.0,4170.0,4176.0,4187.0,4188.0,4199.0,4219.0,4244.0,4261.0,4270.0,4279.0,4289.0,4295.0,4304.0,4315.0,4328.0,4342.0,4352.0,4352.0,4354.0,4352.0,4355.0,4367.0,4371.0,4372.0,4377.0,4370.0,4377.0,4386.0,4393.0,4397.0,4401.0,4419.0,4443.0,4472.0,4491.0,4517.0,4547.0,4579.0,4601.0,4619.0,4630.0,4652.0,4670.0,4696.0,4713.0,4734.0,4762.0,4790.0,4818.0,4845.0,4875.0,4901.0,4926.0,4945.0,4969.0,4981.0,4979.0,4973.0,4960.0,4946.0,4931.0,4935.0,4929.0,4918.0,4908.0,4899.0,4893.0,4899.0,4901.0,4909.0,4905.0,4903.0,4905.0,4913.0,4916.0,4931.0,4936.0,4944.0,4967.0,4989.0,5006.0,5021.0,5035.0,5051.0,5063.0,5080.0,5096.0,5102.0,5114.0,5135.0,5150.0,5167.0,5164.0,5171.0,5172.0,5177.0,5190.0,5204.0,5213.0,5222.0,5225.0,5225.0,5220.0,5214.0,5212.0,5199.0,5190.0,5188.0,5183.0,5180.0,5176.0,5163.0,5156.0,5153.0,5160.0,5166.0,5177.0,5176.0,5181.0,5172.0,5166.0,5176.0,5172.0,5165.0,5152.0,5141.0,5141.0,5146.0,5149.0,5146.0,5149.0,5147.0,5157.0,5155.0,5165.0,5172.0,5177.0,5181.0,5191.0,5199.0,5207.0,5211.0,5214.0,5230.0,5245.0,5262.0,5289.0,5305.0,5319.0,5322.0,5343.0,5380.0,5412.0,5441.0,5469.0,5494.0,5523.0,5550.0,5575.0,5588.0,5593.0,5602.0,5633.0,5665.0,5688.0,5700.0,5719.0,5734.0,5757.0,5791.0,5780.0,5772.0,5774.0,5831.0,5856.0,5876.0,5886.0,5913.0,5910.0,5925.0,5916.0,5916.0,5913.0,5923.0,5935.0,5927.0,5937.0,5957.0,5931.0,5935.0,5951.0,5963.0,5979.0,5999.0,6033.0,6038.0,6041.0,6050.0,6034.0,6040.0,6046.0,6047.0,6046.0,6060.0,6075.0,6081.0,6083.0,6099.0,6110.0,6105.0,6114.0,6125.0,6144.0,6140.0,6155.0,6145.0,6140.0,6184.0,6184.0,6192.0,6180.0,6189.0,6194.0,6182.0,6181.0,6204.0,6225.0,6223.0,6240.0,6256.0,6280.0,6283.0,6296.0,6312.0,6324.0,6330.0,6304.0,6281.0,6303.0,6319.0,6302.0,6301.0,6289.0,6276.0,6290.0,6305.0,6302.0,6299.0,6310.0,6306.0,6301.0,6331.0,6305.0,6312.0,6311.0,6362.0,6337.0,6321.0,6323.0,6366.0,6395.0,6417.0,6430.0,6434.0,6459.0,6456.0,6440.0,6449.0,6462.0,6493.0,6515.0,6526.0,6527.0,6504.0,6513.0,6529.0,6528.0,6528.0,6560.0,6581.0,6593.0,6588.0,6581.0,6589.0,6599.0,6596.0,6598.0,6556.0,6558.0,6538.0,6590.0,6600.0,6585.0,6574.0,6558.0,6558.0,6556.0,6588.0,6603.0,6642.0,6674.0,6691.0,6679.0,6672.0,6680.0,6701.0,6710.0,6721.0,6737.0,6750.0,6767.0,6796.0,6753.0,6744.0,6738.0,6745.0,6760.0,6796.0,6819.0,6827.0,6833.0,6830.0,6831.0,6808.0,6811.0,6805.0,6827.0,6814.0,6820.0,6776.0,6791.0,6794.0,6779.0,6769.0,6762.0,6786.0,6825.0,6822.0,6836.0,6859.0,6878.0,6879.0,6851.0,6891.0,6912.0,6920.0,6916.0,6935.0,6911.0,6940.0,6924.0,6913.0,6920.0,6911.0,6946.0,6932.0,6948.0,6984.0,6991.0,7029.0,6978.0,6965.0,6959.0,7002.0,7000.0,7033.0,7082.0,7124.0,7157.0,7162.0,7215.0,7233.0,7291.0,7324.0,7367.0,7363.0,7366.0,7384.0,7347.0,7351.0,7298.0,7314.0,7299.0,7336.0,7356.0,7354.0,7332.0,7371.0,7424.0,7404.0,7413.0,7426.0,7517.0,7523.0,7531.0,7525.0,7512.0,7530.0,7554.0,7535.0,7522.0,7512.0,7492.0,7462.0,7451.0,7468.0,7506.0,7509.0,7506.0,7510.0,7530.0,7588.0,7609.0,7618.0,7632.0,7593.0,7594.0,7584.0,7573.0,7588.0,7580.0,7610.0,7622.0,7595.0,7618.0,7611.0,7632.0,7691.0,7746.0,7737.0,7732.0,7758.0,7793.0,7796.0,7794.0,7740.0,7737.0,7797.0,7870.0,7838.0,7836.0,7828.0,7819.0,7771.0,7760.0,7745.0,7763.0,7754.0,7786.0,7816.0,7817.0,7807.0,7816.0,7807.0,7867.0,7916.0,7919.0,7923.0,7910.0,7949.0,7922.0,7944.0,7949.0,7946.0,7991.0,3161.0,3186.0,3265.0,3303.0,3254.0,3285.0,3339.0,3351.0,3323.0,3355.0,3460.0,3532.0,3572.0,3606.0,3598.0,3628.0,3676.0,3668.0,3652.0,3660.0,3693.0,3733.0,3781.0,3822.0,3868.0,3912.0,3942.0,3996.0,4051.0,4108.0,4155.0,4176.0,4199.0,4261.0,4289.0,4315.0,4352.0,4352.0,4371.0,4370.0,4393.0,4419.0,4491.0,4579.0,4630.0,4696.0,4762.0,4845.0,4926.0,4981.0,4960.0,4935.0,4908.0,4899.0,4905.0,4913.0,4936.0,4989.0,5035.0,5080.0,5114.0,5167.0,5172.0,5204.0,5225.0,5214.0,5190.0,5180.0,5156.0,5166.0,5181.0,5176.0,5152.0,5146.0,5149.0,5155.0,5177.0,5199.0,5214.0,5262.0,5319.0,5380.0,5469.0,5550.0,5593.0,5665.0,5719.0,5791.0,5774.0,5876.0,5910.0,5916.0,5935.0,5957.0,5951.0,5999.0,6041.0,6040.0,6046.0,6081.0,6110.0,6125.0,6155.0,6184.0,6180.0,6182.0,6225.0,6256.0,6296.0,6330.0,6303.0,6301.0,6290.0,6299.0,6301.0,6312.0,6337.0,6366.0,6430.0,6456.0,6462.0,6526.0,6513.0,6528.0,6593.0,6589.0,6598.0,6538.0,6585.0,6558.0,6603.0,6691.0,6680.0,6721.0,6767.0,6744.0,6760.0,6827.0,6831.0,6805.0,6820.0,6794.0,6762.0,6822.0,6878.0,6891.0,6916.0,6940.0,6920.0,6932.0,6991.0,6965.0,7000.0,7124.0,7215.0,7324.0,7366.0,7351.0,7299.0,7354.0,7424.0,7426.0,7531.0,7530.0,7522.0,7462.0,7506.0,7510.0,7609.0,7593.0,7573.0,7610.0,7618.0,7691.0,7732.0,7796.0,7737.0,7838.0,,,,,,,,,,,,,,,,,,,,,,,,,,,,,,,,,,,,,,,,,,,,,,,,,,,,,,,,,,,,,,,,,,,,,,,,,,,,,,,,,,,,,,,,,,,,,,,,,,,,,,,,,,,,,,,,,,,,,,,,,,,,,,,,,,,
Q18638,Finance,4,8,Quarterly,01-01-79 12:00,136,Q18638,221.292,416.625,263.74,383.111,301.002,373.508,218.198,513.635,243.218,375.331,254.472,509.359,312.067,381.796,307.575,485.126,166.868,233.996,139.103,178.829,214.846,313.578,314.069,414.392,348.034,519.458,337.93,460.292,239.456,239.208,286.786,202.447,135.093,110.285,123.369,199.048,143.625,174.136,205.877,246.794,245.934,303.61,362.065,397.917,227.3,254.202,335.726,340.568,198.857,229.403,238.347,238.339,267.443,252.841,265.813,329.213,342.047,351.889,283.664,329.886,422.447,544.932,562.483,731.351,787.729,750.631,727.916,1102.933,1102.235,1552.037,1205.527,1375.337,1151.902,1533.195,1358.682,1115.091,1170.609,1206.81,1237.142,984.061,711.901,869.965,880.616,1472.177,1152.424,723.119,952.191,793.004,823.448,1018.503,732.993,704.591,884.5886,516.55,920.575,973.5347,920.539,653.022,902.855,862.2384,759.659,779.44,674.0155,985.8135,749.684452,859.0275508,756.033,829.569,1327.23825,2295.344448,1381.8389,1457.204435,2013.068154,2988.852711,2933.634678,3557.147199,2933.553628,3395.679511,2555.734891,3625.850341,2435.6882,2253.5637,1900.3483,2236.2125,1570.915104,1552.95761,1909.88538,2371.70114,2602.966644,3155.444259,2426.474292,2567.995057,3008.13741,4392.266283,1755.902603,1731.50164,,,,,,,,,,,,,,,,,,,,,,,,,,,,,,,,,,,,,,,,,,,,,,,,,,,,,,,,,,,,,,,,,,,,,,,,,,,,,,,,,,,,,,,,,,,,,,,,,,,,,,,,,,,,,,,,,,,,,,,,,,,,,,,,,,,,,,,,,,,,,,,,,,,,,,,,,,,,,,,,,,,,,,,,,,,,,,,,,,,,,,,,,,,,,,,,,,,,,,,,,,,,,,,,,,,,,,,,,,,,,,,,,,,,,,,,,,,,,,,,,,,,,,,,,,,,,,,,,,,,,,,,,,,,,,,,,,,,,,,,,,,,,,,,,,,,,,,,,,,,,,,,,,,,,,,,,,,,,,,,,,,,,,,,,,,,,,,,,,,,,,,,,,,,,,,,,,,,,,,,,,,,,,,,,,,,,,,,,,,,,,,,,,,,,,,,,,,,,,,,,,,,,,,,,,,,,,,,,,,,,,,,,,,,,,,,,,,,,,,,,,,,,,,,,,,,,,,,,,,,,,,,,,,,,,,,,,,,,,,,,,,,,,,,,,,,,,,,,,,,,,,,,,,,,,,,,,,,,,,,,,,,,,,,,,,,,,,,,,,,,,,,,,,,,,,,,,,,,,,,,,,,,,,,,,,,,,,,,,,,,,,,,,,,,,,,,,,,,,,,,,,,,,,,,,,,,,,,,,,,,,,,,,,,,,,,,,,,,,,,,,,,,,,,,,,,,,,,,,,,,,,,,,,,,,,,,,,,,,,,,,,,,,,,,,,,,,,,,,,,,,,,,,,,,,,,,,,,,,,,,,,,,,,,,,
Q20501,Finance,4,8,Quarterly,30-09-59 12:00,116,Q20501,176.0,181.0,185.0,186.0,186.0,189.0,193.0,197.0,200.0,202.0,204.0,207.0,208.0,209.0,211.0,214.0,218.0,224.0,231.0,237.0,241.0,243.0,243.0,246.0,250.0,254.0,257.0,262.0,268.0,276.0,282.0,285.0,288.0,292.0,295.0,299.0,307.0,315.0,322.0,331.0,345.0,359.0,367.0,373.0,380.0,388.0,395.0,408.0,427.0,448.0,460.0,461.0,467.0,492.0,528.0,559.0,586.0,613.0,661.0,723.0,791.0,859.0,936.0,1019.0,1107.0,1166.0,1230.0,1329.0,1452.0,1552.0,1634.0,1705.0,1768.0,1807.0,1842.0,1899.0,1967.0,2012.0,2031.0,2042.0,2068.0,2113.0,2174.0,2262.0,2351.0,2425.0,2469.0,2513.0,2585.0,2690.0,2778.0,2891.0,3075.0,3319.0,3557.0,3744.0,3857.0,3945.0,4008.0,4075.0,4161.0,4252.0,4327.0,4393.0,4443.0,4494.0,4584.0,4726.0,4877.0,4989.0,5075.0,5163.0,5279.0,5414.0,5541.0,5624.0,,,,,,,,,,,,,,,,,,,,,,,,,,,,,,,,,,,,,,,,,,,,,,,,,,,,,,,,,,,,,,,,,,,,,,,,,,,,,,,,,,,,,,,,,,,,,,,,,,,,,,,,,,,,,,,,,,,,,,,,,,,,,,,,,,,,,,,,,,,,,,,,,,,,,,,,,,,,,,,,,,,,,,,,,,,,,,,,,,,,,,,,,,,,,,,,,,,,,,,,,,,,,,,,,,,,,,,,,,,,,,,,,,,,,,,,,,,,,,,,,,,,,,,,,,,,,,,,,,,,,,,,,,,,,,,,,,,,,,,,,,,,,,,,,,,,,,,,,,,,,,,,,,,,,,,,,,,,,,,,,,,,,,,,,,,,,,,,,,,,,,,,,,,,,,,,,,,,,,,,,,,,,,,,,,,,,,,,,,,,,,,,,,,,,,,,,,,,,,,,,,,,,,,,,,,,,,,,,,,,,,,,,,,,,,,,,,,,,,,,,,,,,,,,,,,,,,,,,,,,,,,,,,,,,,,,,,,,,,,,,,,,,,,,,,,,,,,,,,,,,,,,,,,,,,,,,,,,,,,,,,,,,,,,,,,,,,,,,,,,,,,,,,,,,,,,,,,,,,,,,,,,,,,,,,,,,,,,,,,,,,,,,,,,,,,,,,,,,,,,,,,,,,,,,,,,,,,,,,,,,,,,,,,,,,,,,,,,,,,,,,,,,,,,,,,,,,,,,,,,,,,,,,,,,,,,,,,,,,,,,,,,,,,,,,,,,,,,,,,,,,,,,,,,,,,,,,,,,,,,,,,,,,,,,,,,,,,,,,,,,,,,,,,,,,
Q19518,Finance,4,8,Quarterly,01-01-84 12:00,123,Q19518,2770.748,2875.506,2928.118,2997.702,3440.305,3544.691,3638.567,3738.711,4183.626,4249.903,4401.003,4576.046,5451.503,5643.626,5862.545,6048.792,7141.905,7394.594,7160.036,7393.218,7569.206,7474.167,7429.583,6784.353,7159.802,6976.495,6920.179,6890.392,6311.522,6253.531,5578.127,5590.371,5802.81,5267.689,5167.06,5124.339,4970.468,4900.536,4766.789,4742.71,4746.008,4638.652,4600.654,4646.644,5533.175,5520.463,5451.764,5651.177,6987.813,7060.96,6665.749,6759.248,7417.354,6806.814,6818.498,7034.736,8078.115,8841.134,9549.025,9976.385,12186.399,12653.327,13025.599,13547.984,16682.46,15497.783,15919.812,16294.424,17545.325,17631.627,17552.983,17390.655,12807.198,11334.489,10499.906,10031.174,8227.152,8198.606,8164.459,8057.833,8401.425,7988.087,8225.625,9208.923,9956.073,9803.479,10022.502,2475.451,2684.454,2708.623,2724.079,2734.639,2809.155,2736.268,2748.381,2425.528,1431.651,1473.084,1481.449,1515.359,1652.946,1687.206,1721.411,1750.243,1883.087,1906.98,1927.78,1940.365,1970.925,1970.718,1981.303,2000.308,2099.213,1887.282,1911.718,1856.447,1999.865,2040.514,2087.649,2127.229,2277.474,2296.209,2318.243,,,,,,,,,,,,,,,,,,,,,,,,,,,,,,,,,,,,,,,,,,,,,,,,,,,,,,,,,,,,,,,,,,,,,,,,,,,,,,,,,,,,,,,,,,,,,,,,,,,,,,,,,,,,,,,,,,,,,,,,,,,,,,,,,,,,,,,,,,,,,,,,,,,,,,,,,,,,,,,,,,,,,,,,,,,,,,,,,,,,,,,,,,,,,,,,,,,,,,,,,,,,,,,,,,,,,,,,,,,,,,,,,,,,,,,,,,,,,,,,,,,,,,,,,,,,,,,,,,,,,,,,,,,,,,,,,,,,,,,,,,,,,,,,,,,,,,,,,,,,,,,,,,,,,,,,,,,,,,,,,,,,,,,,,,,,,,,,,,,,,,,,,,,,,,,,,,,,,,,,,,,,,,,,,,,,,,,,,,,,,,,,,,,,,,,,,,,,,,,,,,,,,,,,,,,,,,,,,,,,,,,,,,,,,,,,,,,,,,,,,,,,,,,,,,,,,,,,,,,,,,,,,,,,,,,,,,,,,,,,,,,,,,,,,,,,,,,,,,,,,,,,,,,,,,,,,,,,,,,,,,,,,,,,,,,,,,,,,,,,,,,,,,,,,,,,,,,,,,,,,,,,,,,,,,,,,,,,,,,,,,,,,,,,,,,,,,,,,,,,,,,,,,,,,,,,,,,,,,,,,,,,,,,,,,,,,,,,,,,,,,,,,,,,,,,,,,,,,,,,,,,,,,,,,,,,,,,,,,,,,,,,,,,,,,,,,,,,,,,,,,,,,,,,,,,,,,,,,,,,,,,,,,,,,,,,,,,,,,,,,,,
Q18530,Finance,4,8,Quarterly,01-07-85 12:00,117,Q18530,924.0,926.1,876.2,932.9,922.2,909.3,971.5,945.3,915.5,888.5,925.7,915.2,867.5,883.0,883.7,844.3,899.2,898.7,868.8,916.1,849.5,888.7,854.6,882.6,898.4,898.9,941.1,916.5,906.2,918.4,941.6,958.5,948.3,974.6,966.5,966.2,984.4,976.4,1000.0,1010.7,1003.6,1043.0,1055.6,1028.8,1029.6,1029.4,1018.0,1019.1,1054.9,1058.3,1069.4,1092.8,1075.4,1097.1,1111.7,1100.2,1111.8,1112.3,1089.0,1131.2,1136.5,1134.9,1160.9,1159.3,1229.4,1202.2,1218.0,1215.3,1238.0,1267.0,1242.3,1261.2,1263.8,1327.4,1266.8,1308.2,1339.9,1358.8,1362.2,1423.0,1414.6,1481.2,1503.4,1551.0,1546.7,1589.0,1599.9,1649.5,1684.7,1703.9,1681.1,1743.7,1726.2,1800.6,1763.0,1792.5,1788.9,1795.1,1767.6,1755.1,1784.3,1787.6,1758.5,1735.5,1804.5,1787.8,1776.2,1805.1,1832.7,1855.2,1893.0,1967.8,1987.1,2046.0,1985.1,2066.4,2101.1,,,,,,,,,,,,,,,,,,,,,,,,,,,,,,,,,,,,,,,,,,,,,,,,,,,,,,,,,,,,,,,,,,,,,,,,,,,,,,,,,,,,,,,,,,,,,,,,,,,,,,,,,,,,,,,,,,,,,,,,,,,,,,,,,,,,,,,,,,,,,,,,,,,,,,,,,,,,,,,,,,,,,,,,,,,,,,,,,,,,,,,,,,,,,,,,,,,,,,,,,,,,,,,,,,,,,,,,,,,,,,,,,,,,,,,,,,,,,,,,,,,,,,,,,,,,,,,,,,,,,,,,,,,,,,,,,,,,,,,,,,,,,,,,,,,,,,,,,,,,,,,,,,,,,,,,,,,,,,,,,,,,,,,,,,,,,,,,,,,,,,,,,,,,,,,,,,,,,,,,,,,,,,,,,,,,,,,,,,,,,,,,,,,,,,,,,,,,,,,,,,,,,,,,,,,,,,,,,,,,,,,,,,,,,,,,,,,,,,,,,,,,,,,,,,,,,,,,,,,,,,,,,,,,,,,,,,,,,,,,,,,,,,,,,,,,,,,,,,,,,,,,,,,,,,,,,,,,,,,,,,,,,,,,,,,,,,,,,,,,,,,,,,,,,,,,,,,,,,,,,,,,,,,,,,,,,,,,,,,,,,,,,,,,,,,,,,,,,,,,,,,,,,,,,,,,,,,,,,,,,,,,,,,,,,,,,,,,,,,,,,,,,,,,,,,,,,,,,,,,,,,,,,,,,,,,,,,,,,,,,,,,,,,,,,,,,,,,,,,,,,,,,,,,,,,,,,,,,,,,,,,,,,,,,,,,,,,,,,,,,,,,,,,,,
Q22221,Finance,4,8,Quarterly,31-01-55 12:00,738,Q22221,2777.064,2756.645,2749.352,2753.728,2752.269,2755.186,2759.562,2769.772,2782.899,2790.191,2797.484,2798.943,2762.479,2766.855,2787.274,2777.064,2813.528,2828.113,2835.406,2848.533,2860.201,2866.035,2877.704,2877.704,2858.743,2832.489,2814.986,2822.279,2836.865,2842.699,2849.992,2870.411,2883.538,2889.372,2905.416,2905.416,2884.997,2864.577,2866.035,2874.787,2880.621,2887.914,2889.372,2893.748,2902.499,2899.582,2902.499,2892.289,2861.66,2839.782,2829.572,2813.528,2794.567,2787.274,2787.274,2810.611,2829.572,2833.948,2839.782,2836.865,2813.528,2828.113,2828.113,2831.03,2839.782,2848.533,2861.66,2874.787,2890.831,2890.831,2889.372,2882.08,2860.201,2849.992,2848.533,2845.616,2864.577,2874.787,2886.455,2905.416,2917.085,2934.587,2998.763,3003.139,3004.597,3000.221,3011.89,3033.768,3057.104,3077.524,3090.651,3099.402,3096.485,3077.524,3108.154,3121.28,3135.866,3162.119,3160.661,3160.661,3147.534,3163.578,3169.412,3173.788,3195.666,3207.335,3216.085,3224.837,3220.461,3208.793,3211.71,3242.339,3232.13,3223.378,3220.461,3219.003,3233.588,3235.047,3242.339,3254.008,3249.632,3232.13,3236.505,3243.798,3246.715,3274.427,3291.93,3309.432,3329.852,3341.52,3408.613,3426.116,3456.745,3442.16,3453.828,3455.286,3446.535,3437.784,3430.491,3431.95,3439.243,3446.121,3497.71,3535.542,3542.42,3518.345,3514.906,3518.345,3559.616,3594.009,3583.691,3607.766,3559.616,3542.42,3559.616,3580.252,3587.13,3594.009,3569.934,3552.737,3525.224,3535.542,3514.906,3528.663,3532.102,3566.494,3580.252,3604.326,3621.523,3631.84,3611.205,3611.205,3587.13,3631.84,3638.719,3607.766,3607.766,3607.766,3611.205,3649.036,3673.111,3666.233,3666.233,3649.036,3659.354,3697.186,3710.943,3707.504,3714.382,3738.457,3786.606,3807.241,3865.709,3882.905,3886.344,3882.905,3900.101,3910.419,3934.494,3975.764,3999.839,4023.914,4044.549,4068.624,4092.699,4120.213,4099.577,4078.942,4120.213,4199.315,4209.633,4244.025,4261.222,4312.81,4316.249,4357.52,4412.548,4426.305,4440.062,4433.184,4385.034,4412.548,4415.987,4457.258,4436.623,4495.09,4560.435,4615.464,4722.08,4766.79,4725.519,4711.762,4804.622,4890.603,4931.874,5031.612,5072.883,5165.742,5220.77,5210.453,5262.041,5310.191,5286.116,5268.92,5217.331,5265.48,5234.527,5237.967,5213.892,5213.892,5196.696,5203.574,5224.21,5200.135,5165.742,5138.228,5062.565,5100.397,5145.107,5213.892,5151.986,5169.181,5189.817,5207.013,5217.331,5207.013,5169.181,5169.181,5141.668,5258.602,5268.92,5279.237,5258.602,5290.154,5269.119,5295.412,5316.447,5347.998,5369.033,5411.102,5468.946,5532.049,5547.825,5532.049,5489.98,5447.911,5416.36,5437.394,5474.205,5511.015,5574.118,5595.152,5621.445,5647.738,5705.583,5663.514,5779.203,5768.686,5684.549,5710.842,5747.652,5805.497,5800.238,5847.565,5926.444,6063.168,6163.081,6315.581,6315.581,6152.564,6115.754,6157.823,6352.391,6436.529,6525.925,6457.563,6578.511,6688.942,6773.079,6909.803,6894.027,6851.958,6778.338,6746.786,6788.855,6830.924,6904.544,6951.871,7046.526,7220.061,7346.267,7398.853,7404.111,7283.163,7141.181,7125.406,7156.866,7189.42,7260.761,7336.417,7275.998,7394.161,7295.464,7190.207,7212.261,7297.784,7333.167,7336.446,7411.354,7465.608,7572.591,7631.917,7594.194,7667.846,7584.893,7538.042,7433.37,7524.33,7607.312,7558.207,7727.009,7821.287,7876.749,7917.98,7862.576,7828.42,7739.867,7552.531,7555.532,7615.318,7667.059,7738.535,7786.354,7782.26,7815.591,7865.759,7872.913,7934.914,7918.91,7734.814,7715.991,7751.815,7706.47,7762.229,7815.447,7843.398,7895.399,7929.199,7825.439,7935.969,7910.252,7865.28,7793.028,7836.073,7852.134,7866.114,7936.63,8023.006,8115.462,8157.5,8117.648,8157.491,8061.324,7937.561,7941.061,7997.971,7988.2,7991.114,8027.293,8054.919,8092.564,8143.165,8143.989,8221.87,8158.852,8026.536,8080.376,8137.622,8172.727,8257.166,8387.517,8507.771,8561.871,8647.748,8595.95,8647.911,8631.812,8572.725,8581.413,8611.474,8563.012,8591.692,8788.752,8870.727,8965.935,9006.812,8932.671,9083.839,8979.704,8953.977,8921.999,8923.187,9024.599,8952.529,9001.711,8993.176,9055.494,9054.89,8962.991,9100.14,8956.528,8835.805,8869.087,8886.05,8909.264,8841.471,8938.77,8945.472,9048.936,9056.482,8975.341,8971.227,8910.751,8906.493,8854.733,8858.655,8853.697,8955.981,8964.247,8991.182,8974.229,8963.412,8957.88,9039.318,9029.355,8981.507,9022.758,8998.766,8910.99,8908.584,9041.657,9135.925,9078.709,9078.152,9039.04,9136.913,9120.152,9028.051,9032.232,8977.144,8901.018,8895.303,8996.944,9003.6,9057.729,9067.039,9010.101,9130.105,9055.571,8962.012,8945.731,8932.038,8864.686,8906.158,9016.708,9034.235,9009.794,9035.626,9053.758,9116.671,9065.025,9033.641,9057.671,9055.168,9057.182,9117.236,9145.658,9147.394,9129.712,9122.05,9139.166,9252.248,9161.489,9116.585,9107.811,9090.963,9056.827,9078.632,9141.736,9138.763,9109.441,9123.911,9091.145,9172.296,9151.46,9093.332,9107.552,9076.801,9057.412,9134.228,9168.124,9259.947,9225.696,9289.778,9302.177,9355.28,9281.503,9304.047,9274.781,9244.135,9260.379,9216.232,9300.326,9315.822,9333.704,9392.628,9425.317,9574.768,9545.292,9494.145,9518.606,9571.307,9475.159,9548.772,9708.494,9695.731,9695.06,9728.103,9690.534,9692.663,9676.726,9654.758,9676.371,9658.114,9621.331,9618.877,9659.226,9729.186,9814.546,9801.62,9800.288,9849.076,9772.95,9806.616,9844.09,9851.233,9824.317,9838.729,9889.339,9857.351,9871.265,9901.776,9880.182,9943.851,9853.151,9783.153,9812.504,9813.051,9778.55,9802.771,9829.85,9885.494,9874.093,9860.966,9835.095,9863.258,9764.032,9725.025,9721.889,9675.69,9658.22,9655.045,9737.951,9800.825,9754.597,9751.797,9758.049,9804.469,9775.587,9803.394,9906.954,9765.941,9722.542,9717.066,9813.031,9802.8,9751.202,9825.832,9781.129,9830.828,9800.01,9814.124,9834.319,9873.268,9869.663,9914.059,10003.31,10007.66,10025.68,10039.16,10099.45,10163.21,10166.88,10141.88,10235.8,10260.43,10206.13,10219.28,10207.39,10235.13,10207.94,10167.87,10150.17,10181.67,10144.05,10054.1,10091.89,9967.536,9969.07,9966.309,10028.67,10072.03,10107.03,10112.42,10033.84,10032.01,9985.688,10013.6,9994.385,9883.078,9896.953,9840.282,9742.87,9754.194,9786.384,9706.154,9783.095,9821.469,9745.9,9691.647,9594.55,9558.62,9443.478,9466.721,9523.554,9549.012,9596.017,9537.64,9629.261,9649.024,9650.922,9586.208,9567.999,9601.022,9521.722,9546.165,9622.348,9594.828,9640.71,9634.871,9709.04,9747.415,9842.834,9736.963,9770.754,9687.753,9686.018,9691.071,9727.154,9699.365,9762.7,9706.087,9813.837,9858.185,9869.701,9877.161,9893.443,9767.57,9752.593,9707.957,9757.349,9693.43,9661.7,9656.484,9699.902,9779.077,9724.814,9765.759,9761.338,9712.157,9697.189,9588.834,9620.373,9653.991,9655.448,9663.589,9720.518,9839.89,,,,,,,,,,,,,,,,,,,,,,,,,,,,,,,,,,,,,,,,,,,,,,,,,,,,,,,,,,,,,,,,,,,,,,,,,,,,,,,,,,,,,,,,,,,,,,,,,,,,,,,,,,,,,,,,,,,,,,,,,,,,,,,,
Q15208,Industry,4,8,Quarterly,30-09-74 12:00,162,Q15208,1235.0,1193.0,1150.0,1143.0,1163.0,1105.0,1085.0,1098.0,1121.0,1158.0,1183.0,1192.0,1203.0,1219.0,1251.0,1270.0,1297.0,1313.0,1353.0,1381.0,1392.0,1417.0,1453.0,1480.0,1538.0,1563.0,1600.0,1656.0,1706.0,1693.0,1715.0,1747.0,1767.0,1802.0,1796.0,1800.0,1828.0,1908.0,1921.0,1934.0,1968.0,2042.0,2080.0,2090.0,2199.0,2207.0,2223.0,2247.0,2298.0,2344.0,2400.0,2507.0,2509.0,2553.0,2699.0,2629.0,2802.0,2809.0,2701.0,2932.0,3051.0,3131.0,3122.0,3264.0,3180.0,3258.0,3397.0,3424.0,3481.0,3538.0,3592.0,3606.0,3745.0,3915.0,4048.0,4172.0,4220.0,4316.0,4375.0,4434.0,4667.0,4767.0,4926.0,5035.0,5033.0,5079.0,5085.0,5309.0,5364.0,5494.0,5429.0,5738.0,5890.0,6010.0,5842.0,6088.0,6101.0,6465.0,6531.0,6496.0,6389.0,6499.0,6641.0,6875.0,6847.0,6969.0,6745.0,6826.0,6993.0,6935.0,7123.0,7139.0,7341.0,7374.0,7690.0,7591.0,7740.0,7741.0,7889.0,8078.0,8047.0,8083.0,7935.0,8233.0,8339.0,8486.0,8372.0,8398.0,8489.0,8802.0,9287.0,9205.0,9191.0,9537.0,9558.0,9624.0,9590.0,9684.0,9642.0,9497.0,9457.0,9880.0,9715.0,9946.0,9949.0,10016.0,10103.0,10193.0,10171.0,10148.0,10079.0,10102.0,10024.0,9993.0,9989.0,10165.0,10220.0,10200.0,10346.0,10627.0,10673.0,10811.0,,,,,,,,,,,,,,,,,,,,,,,,,,,,,,,,,,,,,,,,,,,,,,,,,,,,,,,,,,,,,,,,,,,,,,,,,,,,,,,,,,,,,,,,,,,,,,,,,,,,,,,,,,,,,,,,,,,,,,,,,,,,,,,,,,,,,,,,,,,,,,,,,,,,,,,,,,,,,,,,,,,,,,,,,,,,,,,,,,,,,,,,,,,,,,,,,,,,,,,,,,,,,,,,,,,,,,,,,,,,,,,,,,,,,,,,,,,,,,,,,,,,,,,,,,,,,,,,,,,,,,,,,,,,,,,,,,,,,,,,,,,,,,,,,,,,,,,,,,,,,,,,,,,,,,,,,,,,,,,,,,,,,,,,,,,,,,,,,,,,,,,,,,,,,,,,,,,,,,,,,,,,,,,,,,,,,,,,,,,,,,,,,,,,,,,,,,,,,,,,,,,,,,,,,,,,,,,,,,,,,,,,,,,,,,,,,,,,,,,,,,,,,,,,,,,,,,,,,,,,,,,,,,,,,,,,,,,,,,,,,,,,,,,,,,,,,,,,,,,,,,,,,,,,,,,,,,,,,,,,,,,,,,,,,,,,,,,,,,,,,,,,,,,,,,,,,,,,,,,,,,,,,,,,,,,,,,,,,,,,,,,,,,,,,,,,,,,,,,,,,,,,,,,,,,,,,,,,,,,,,,,,,,,,,,,,,,,,,,,,,,,,,,,,,,,,,,,,,,,,,,,,,,,,,,,,,,,,,,,,,,,,,,,,,,,,,,,,,,,,,,,,
Q16120,Industry,4,8,Quarterly,31-03-85 12:00,122,Q16120,1840.0,1960.0,2000.0,2030.0,2050.0,2110.0,2150.0,2200.0,2240.0,2240.0,2280.0,2360.0,2430.0,2500.0,2560.0,2600.0,2640.0,2810.0,2850.0,2890.0,2930.0,3130.0,3190.0,3260.0,3500.0,3650.0,3730.0,3810.0,3990.0,4010.0,4090.0,4200.0,4370.0,4420.0,4530.0,4620.0,4760.0,4890.0,5040.0,5160.0,5220.0,5200.0,5240.0,5350.0,5390.0,5590.0,5650.0,5660.0,5730.0,5770.0,5870.0,5930.0,5990.0,6050.0,6080.0,6140.0,6220.0,6240.0,6310.0,6440.0,6400.0,5870.0,5920.0,5950.0,6040.0,6050.0,6120.0,6200.0,6260.0,6140.0,6240.0,6330.0,6440.0,6510.0,6610.0,6740.0,6940.0,7100.0,7180.0,7240.0,7210.0,7820.0,7850.0,7880.0,8080.0,8210.0,8340.0,8480.0,8870.0,9320.0,9570.0,9840.0,9880.0,9990.0,10070.0,10110.0,10140.0,10140.0,10150.0,10180.0,10280.0,10540.0,10680.0,10780.0,10930.0,11070.0,11160.0,11260.0,11370.0,11540.0,11620.0,11700.0,11780.0,11800.0,11970.0,12160.0,12390.0,12420.0,12420.0,12350.0,12320.0,11770.0,,,,,,,,,,,,,,,,,,,,,,,,,,,,,,,,,,,,,,,,,,,,,,,,,,,,,,,,,,,,,,,,,,,,,,,,,,,,,,,,,,,,,,,,,,,,,,,,,,,,,,,,,,,,,,,,,,,,,,,,,,,,,,,,,,,,,,,,,,,,,,,,,,,,,,,,,,,,,,,,,,,,,,,,,,,,,,,,,,,,,,,,,,,,,,,,,,,,,,,,,,,,,,,,,,,,,,,,,,,,,,,,,,,,,,,,,,,,,,,,,,,,,,,,,,,,,,,,,,,,,,,,,,,,,,,,,,,,,,,,,,,,,,,,,,,,,,,,,,,,,,,,,,,,,,,,,,,,,,,,,,,,,,,,,,,,,,,,,,,,,,,,,,,,,,,,,,,,,,,,,,,,,,,,,,,,,,,,,,,,,,,,,,,,,,,,,,,,,,,,,,,,,,,,,,,,,,,,,,,,,,,,,,,,,,,,,,,,,,,,,,,,,,,,,,,,,,,,,,,,,,,,,,,,,,,,,,,,,,,,,,,,,,,,,,,,,,,,,,,,,,,,,,,,,,,,,,,,,,,,,,,,,,,,,,,,,,,,,,,,,,,,,,,,,,,,,,,,,,,,,,,,,,,,,,,,,,,,,,,,,,,,,,,,,,,,,,,,,,,,,,,,,,,,,,,,,,,,,,,,,,,,,,,,,,,,,,,,,,,,,,,,,,,,,,,,,,,,,,,,,,,,,,,,,,,,,,,,,,,,,,,,,,,,,,,,,,,,,,,,,,,,,,,,,,,,,,,,,,,,,,,,,,,,,,,,,,,,,,,,,,,,
Q16176,Industry,4,8,Quarterly,31-03-86 12:00,118,Q16176,6600.0,7240.0,7570.0,8610.0,6800.0,7550.0,8100.0,8970.0,6860.0,7650.0,8030.0,9170.0,7230.0,8050.0,8340.0,9530.0,7370.0,7910.0,8290.0,9180.0,7300.0,7520.0,7840.0,8960.0,7810.0,8030.0,8000.0,9290.0,7990.0,8230.0,8180.0,9630.0,7630.0,7950.0,8070.0,9280.0,7780.0,7830.0,7960.0,9420.0,7570.0,7910.0,8110.0,9440.0,7900.0,8180.0,8470.0,9690.0,7810.0,8120.0,8510.0,9550.0,7750.0,8090.0,8270.0,9620.0,8020.0,8170.0,8010.0,8990.0,7510.0,7720.0,7860.0,9570.0,7390.0,7990.0,7870.0,9370.0,7500.0,8370.0,8650.0,10590.0,7940.0,8580.0,8890.0,11060.0,8070.0,8640.0,9190.0,11350.0,7660.0,8490.0,8510.0,10940.0,8150.0,8480.0,9100.0,11390.0,8760.0,9210.0,8910.0,11380.0,7680.0,8110.0,8410.0,10410.0,7710.0,8240.0,8480.0,11240.0,8300.0,8580.0,8500.0,10900.0,8060.0,8650.0,8640.0,11300.0,8470.0,9510.0,9670.0,12350.0,8960.0,9600.0,9970.0,13220.0,9130.0,9650.0,,,,,,,,,,,,,,,,,,,,,,,,,,,,,,,,,,,,,,,,,,,,,,,,,,,,,,,,,,,,,,,,,,,,,,,,,,,,,,,,,,,,,,,,,,,,,,,,,,,,,,,,,,,,,,,,,,,,,,,,,,,,,,,,,,,,,,,,,,,,,,,,,,,,,,,,,,,,,,,,,,,,,,,,,,,,,,,,,,,,,,,,,,,,,,,,,,,,,,,,,,,,,,,,,,,,,,,,,,,,,,,,,,,,,,,,,,,,,,,,,,,,,,,,,,,,,,,,,,,,,,,,,,,,,,,,,,,,,,,,,,,,,,,,,,,,,,,,,,,,,,,,,,,,,,,,,,,,,,,,,,,,,,,,,,,,,,,,,,,,,,,,,,,,,,,,,,,,,,,,,,,,,,,,,,,,,,,,,,,,,,,,,,,,,,,,,,,,,,,,,,,,,,,,,,,,,,,,,,,,,,,,,,,,,,,,,,,,,,,,,,,,,,,,,,,,,,,,,,,,,,,,,,,,,,,,,,,,,,,,,,,,,,,,,,,,,,,,,,,,,,,,,,,,,,,,,,,,,,,,,,,,,,,,,,,,,,,,,,,,,,,,,,,,,,,,,,,,,,,,,,,,,,,,,,,,,,,,,,,,,,,,,,,,,,,,,,,,,,,,,,,,,,,,,,,,,,,,,,,,,,,,,,,,,,,,,,,,,,,,,,,,,,,,,,,,,,,,,,,,,,,,,,,,,,,,,,,,,,,,,,,,,,,,,,,,,,,,,,,,,,,,,,,,,,,,,,,,,,,,,,,,,,,,,,,,,,,,,,,,,,,,,,,,
Q14989,Industry,4,8,Quarterly,30-09-76 12:00,153,Q14989,847.756,704.558,616.455,679.088,777.586,747.959,901.813,901.293,909.869,1117.78,850.615,830.084,833.462,813.451,759.654,714.693,944.848,941.242,1165.85,1098.704,1295.543,1574.25,1605.091,1564.915,1811.966,1850.233,1495.952,1273.961,1190.242,1149.279,937.843,831.87,1012.221,995.477,903.178,844.968,1002.682,1081.393,1003.701,1141.61,1299.035,1235.235,1277.525,1211.512,1332.363,1538.296,1376.704,1381.541,1423.044,1521.591,1439.669,1402.368,1663.62,1617.823,1353.427,1336.962,1497.046,1512.568,1341.058,1416.729,1482.844,1507.974,1311.41,1310.969,1270.674,1377.149,1254.245,1371.913,1502.457,1678.83,1715.837,1678.057,1629.761,1920.118,1562.248,1631.164,2057.053,2282.997,1987.706,2368.771,2654.554,2360.121,2105.528,2395.62,2604.926,3069.424,3272.447,3226.211,3703.703,3636.025,3135.981,3425.943,3496.786,3360.694,2734.406,2679.934,2646.123,2642.49,2331.058,2587.969,2865.105,2802.179,3926.226,3768.674,4442.296,4863.583,4802.173,5254.731,5393.855,5939.14,5425.437,5614.842,5732.784,6462.937,6569.952,6978.444,7860.597,9023.555,8011.454,8966.639,8500.332,9558.769,9623.947,11059.374,10033.598,10482.881,10225.197,11153.316,11774.709,13289.867,10926.99,13603.404,12201.929,12620.943,10814.094,13155.699,12320.779,14999.316,14020.366,16801.449,21367.702,21395.159,22874.418,25290.219,26724.769,27804.966,23476.041,24493.194,26978.027,28050.891,23943.062,24765.271,23282.028,,,,,,,,,,,,,,,,,,,,,,,,,,,,,,,,,,,,,,,,,,,,,,,,,,,,,,,,,,,,,,,,,,,,,,,,,,,,,,,,,,,,,,,,,,,,,,,,,,,,,,,,,,,,,,,,,,,,,,,,,,,,,,,,,,,,,,,,,,,,,,,,,,,,,,,,,,,,,,,,,,,,,,,,,,,,,,,,,,,,,,,,,,,,,,,,,,,,,,,,,,,,,,,,,,,,,,,,,,,,,,,,,,,,,,,,,,,,,,,,,,,,,,,,,,,,,,,,,,,,,,,,,,,,,,,,,,,,,,,,,,,,,,,,,,,,,,,,,,,,,,,,,,,,,,,,,,,,,,,,,,,,,,,,,,,,,,,,,,,,,,,,,,,,,,,,,,,,,,,,,,,,,,,,,,,,,,,,,,,,,,,,,,,,,,,,,,,,,,,,,,,,,,,,,,,,,,,,,,,,,,,,,,,,,,,,,,,,,,,,,,,,,,,,,,,,,,,,,,,,,,,,,,,,,,,,,,,,,,,,,,,,,,,,,,,,,,,,,,,,,,,,,,,,,,,,,,,,,,,,,,,,,,,,,,,,,,,,,,,,,,,,,,,,,,,,,,,,,,,,,,,,,,,,,,,,,,,,,,,,,,,,,,,,,,,,,,,,,,,,,,,,,,,,,,,,,,,,,,,,,,,,,,,,,,,,,,,,,,,,,,,,,,,,,,,,,,,,,,,,,,,,,,,,,,,,,,,,,,,,,,,,,,,,,,,,,,,,,,,,,,,,,,,,,,,,,
Q15697,Industry,4,8,Quarterly,31-01-55 12:00,737,Q15697,1446.973,1484.837,1578.144,1573.143,1585.027,1534.628,1630.283,1558.707,1675.991,1464.776,1568.009,1776.67,1591.344,1683.131,1679.83,1635.736,1656.774,1733.087,1685.503,1719.86,1754.798,1726.246,1742.302,1835.209,1791.1,1769.996,1776.626,1873.048,1831.973,1839.128,1848.681,1819.733,1790.809,1824.541,1862.575,1812.87,1912.583,1860.983,1891.427,1888.894,1977.574,1857.004,1905.754,2005.484,2011.576,2048.443,2094.341,2004.156,2125.018,2102.555,2062.367,2034.497,2031.527,2167.021,2200.084,2216.498,2231.861,2293.495,2244.107,2297.589,2091.487,2269.574,2255.447,2286.713,2199.495,2295.811,2331.581,2386.939,2378.387,2341.938,2223.627,2411.153,2421.27,2420.279,2659.804,2533.049,2543.79,2472.89,2446.888,2373.758,2481.409,2466.184,2418.002,2428.757,2604.089,2528.087,2449.876,2353.761,2478.292,2558.403,2482.56,2563.034,2459.256,2439.572,2547.047,2408.825,2422.707,2482.438,2517.29,2543.212,2595.854,2427.787,2538.605,2562.145,2633.521,2676.103,2653.985,2751.227,2764.308,2632.537,2586.04,2705.184,2710.056,2865.854,2903.306,2756.363,2819.207,2890.496,2943.433,2921.912,2893.862,2975.125,2875.216,2914.796,2923.042,2883.777,3101.499,2956.422,2967.262,2926.612,2945.002,3120.752,3055.919,3069.809,3245.219,3254.639,3189.177,3016.064,3052.176,3122.655,2920.725,2918.735,2941.704,2911.395,2935.261,2844.627,2955.843,2889.457,2910.303,3135.326,3041.723,2967.372,2965.788,3106.52,3097.997,2873.205,3050.187,3092.029,3056.715,2990.034,3125.747,3033.784,3050.245,3257.49,3459.907,3321.903,3307.488,3270.73,3373.425,3471.177,3327.631,3330.342,3241.55,3474.114,3040.03,3758.199,3548.719,3390.139,3505.53,3709.339,3583.925,3574.409,3628.21,3737.063,3677.546,3810.265,3589.514,3573.259,3665.723,3663.158,3629.486,3726.146,3559.603,3567.314,3596.646,4107.568,3942.575,3856.984,4018.383,4046.116,3707.063,4192.093,4751.186,4046.661,4115.421,4208.515,4341.319,4357.087,4320.13,4320.387,4547.678,4969.838,4857.189,4523.399,4613.824,4540.357,4832.09,4865.847,4762.298,4714.805,4888.914,4952.36,4927.816,5239.001,5143.004,5218.579,5354.38,5411.45,5481.627,5287.473,5479.999,5336.514,5088.117,5057.148,5053.328,5178.874,4692.245,5072.147,4860.453,5149.075,4965.548,5131.514,4830.775,4668.598,4855.603,4913.514,4995.181,4519.386,4844.877,5034.238,4950.781,4780.579,4850.771,5016.493,5043.406,5024.789,5160.865,5092.152,5073.925,4661.428,5177.42,5232.696,5420.448,5425.631,5467.232,5515.412,5402.234,5602.267,5641.32,5713.245,5659.932,5718.884,5960.291,5892.509,5973.576,5892.53,6086.102,5928.139,5959.308,6015.784,6019.793,6076.171,6100.847,6134.906,6170.459,6032.941,6457.072,6389.267,6145.469,5961.261,6512.47,6452.647,6432.87,6417.484,6120.849,6971.32,6655.744,6739.854,6823.289,6872.044,7062.134,6890.262,6950.088,6859.579,6848.779,6970.367,6915.588,6652.803,6643.946,7113.098,7071.726,7130.666,6995.05,7372.385,7103.682,7267.376,7320.034,6977.102,7104.626,6681.347,7424.235,7358.369,7347.335,7330.464,7669.386,7379.858,7898.063,7718.945,7231.168,7929.536,7878.244,7439.01,7727.132,7847.985,7780.445,7987.65,7948.748,8144.941,8049.213,7882.025,7710.232,8009.663,7739.194,7540.084,7916.595,7925.253,7869.096,7989.855,8050.386,8197.943,7700.146,7783.135,8025.5,7876.455,8348.811,8261.789,8268.729,7962.552,8386.047,8022.385,8010.378,7874.651,8266.402,8130.975,8235.722,8239.749,8068.924,8294.92,7830.634,8312.821,8023.116,8130.826,8154.333,8485.342,8575.362,8809.789,8648.85,8802.242,8576.775,8893.105,9135.09,9031.836,9240.803,9196.267,8837.651,9173.636,9016.913,9305.512,9260.197,9403.931,9449.424,9077.352,9301.099,9192.68,9361.401,9620.258,9631.007,9542.489,9182.658,9577.583,9645.47,9432.719,9900.394,9731.084,9491.206,9729.357,9534.46,9557.961,9601.769,9553.945,9692.612,9556.666,9788.481,9731.629,9909.216,10084.62,10013.59,9961.378,10029.21,10184.81,10114.15,10075.32,10335.46,10582.93,10252.74,10263.26,10010.62,10466.21,10398.04,10459.64,10542.21,10482.15,10327.83,10467.84,10322.89,10197.09,10219.57,10302.41,10000.62,9954.25,10053.44,10075.57,9849.371,9865.054,10091.51,10173.28,9709.568,9831.902,9910.144,9816.3,9830.492,8915.381,9670.657,9593.803,9587.844,9242.424,9398.065,9107.929,9347.601,9361.214,9178.459,9192.996,9126.452,8467.686,9449.216,8893.288,9073.732,9277.825,9064.086,9089.126,9326.919,9136.098,9188.457,9086.817,9166.077,8987.673,9677.572,9071.496,9258.752,9269.488,9349.036,9438.216,8707.854,9684.761,9323.203,8908.611,9655.528,9652.901,9557.983,10023.14,9667.554,10549.17,9849.995,9869.183,9885.26,9944.622,10081.81,10343.1,10017.89,10224.3,10356.88,10126.76,10290.61,9808.024,10043.12,10354.67,10423.71,10461.71,10316.19,10544.7,10390.45,10446.38,10233.55,10382.0,10517.05,10511.67,10490.47,10955.08,10801.67,10935.79,11015.86,10689.13,10801.04,10357.24,10858.04,10753.71,10647.02,10741.62,10865.98,11010.57,10727.46,10934.64,10154.22,10991.57,10782.32,10773.75,10806.61,10988.63,11045.05,11171.76,11003.62,11069.25,10402.03,10117.65,10839.55,11080.19,10872.37,11200.51,11233.32,11156.76,11189.57,11102.07,10905.18,10970.81,11298.95,10938.0,11364.58,11364.58,10981.75,11222.38,11222.38,11298.95,11473.96,11255.2,11113.0,10948.93,11342.7,11627.09,11320.83,11277.07,11309.89,11102.07,11156.76,11342.7,11014.56,11200.51,10948.93,11288.01,10872.37,11134.88,11102.07,11025.5,11309.89,11058.31,11528.65,11200.51,11189.57,11331.76,11794.36,11391.79,12033.73,12077.25,11761.72,11729.08,11761.72,11304.74,11098.01,11261.22,11489.71,11565.87,10923.93,10760.72,10662.8,11250.34,10423.43,11076.25,10956.57,10945.69,10923.93,10695.44,10803.07,11130.66,10891.29,10651.92,11272.1,10858.65,11489.71,11315.62,11195.94,11489.71,11293.86,11141.54,11250.34,11489.71,11457.07,11141.54,11674.68,11141.54,11587.63,11413.55,11293.86,11446.19,11174.18,11272.1,11108.9,11163.3,11467.95,11435.31,10923.93,11304.74,10858.65,11010.97,11054.49,10923.93,10717.2,10477.83,10358.15,9933.811,9465.953,9183.063,9814.127,9857.648,9694.442,9672.681,9977.332,10303.74,10042.61,9868.529,9868.529,9835.887,9955.0,9871.0,10116.0,9818.0,9975.0,10085.0,9929.0,9971.0,10109.0,10081.0,10030.0,10060.0,10055.0,10075.0,9955.0,10585.0,9878.0,9807.0,9890.0,10139.0,9754.0,9670.0,9718.0,9546.0,9719.0,9763.0,9743.0,9662.0,9649.0,9640.0,9724.0,10057.0,9610.0,9524.0,9549.0,9543.0,9570.0,9530.0,9640.0,9620.0,9770.0,9720.0,9620.0,9930.0,9870.0,9790.0,10050.0,9990.0,9910.0,10025.0,9450.0,10312.0,10098.0,9902.0,10130.0,10274.0,9599.0,9848.0,9879.0,9730.0,9917.0,9737.0,9859.0,10319.0,10297.0,10080.0,10329.0,10114.0,9844.0,10105.0,9998.0,9998.0,9928.0,9924.0,9714.0,10314.0,9845.0,,,,,,,,,,,,,,,,,,,,,,,,,,,,,,,,,,,,,,,,,,,,,,,,,,,,,,,,,,,,,,,,,,,,,,,,,,,,,,,,,,,,,,,,,,,,,,,,,,,,,,,,,,,,,,,,,,,,,,,,,,,,,,,,,
Q1988,Macro,4,8,Quarterly,30-09-69 12:00,164,Q1988,3255.0,2767.0,2868.0,2382.0,2404.0,2236.0,2223.0,2541.0,2881.0,2472.0,2730.0,2697.0,3224.0,3307.0,3336.0,3732.0,3545.0,2937.0,2630.0,2890.0,2268.0,2010.0,2187.0,2425.0,3301.0,3046.0,3544.0,3911.0,3191.0,3093.0,3254.0,3558.0,3036.0,2235.0,2629.0,2325.0,2711.0,2221.0,2825.0,2909.0,2897.0,2649.0,2495.0,2622.0,2568.0,2363.0,2412.0,2333.0,2321.0,2038.0,1960.0,2109.0,2027.0,1730.0,1600.0,2163.0,2234.0,3068.0,2870.0,3128.0,3821.0,3487.0,2932.0,3180.0,3319.0,3190.0,2499.0,3047.0,3131.0,2717.0,2988.0,2848.0,3304.0,3190.0,3237.0,4185.0,5122.0,4762.0,4561.0,4532.0,3072.0,2314.0,2967.0,2423.0,2629.0,2573.0,2225.0,2543.0,3073.0,2737.0,2725.0,3385.0,3628.0,3628.0,3479.0,3879.0,4420.0,4344.0,4130.0,4845.0,4630.0,4255.0,3469.0,3378.0,3039.0,2876.0,2481.0,2833.0,2763.0,2924.0,3011.0,3315.0,3256.0,3665.0,3357.0,3892.0,4049.0,3946.0,3350.0,4038.0,4746.0,4638.0,5231.0,3695.0,2773.0,2821.0,2292.0,2680.0,3991.0,4224.0,3749.0,3830.0,4522.0,3673.0,4278.0,3775.0,4478.0,4697.0,4612.0,4311.0,4613.0,4482.0,4273.0,4432.0,5438.0,5238.0,5009.0,5472.0,5433.0,5101.0,4561.0,4351.0,4146.0,4153.0,3575.0,4510.0,3248.0,3872.0,3647.0,3658.0,4601.0,4679.0,5139.0,4598.0,,,,,,,,,,,,,,,,,,,,,,,,,,,,,,,,,,,,,,,,,,,,,,,,,,,,,,,,,,,,,,,,,,,,,,,,,,,,,,,,,,,,,,,,,,,,,,,,,,,,,,,,,,,,,,,,,,,,,,,,,,,,,,,,,,,,,,,,,,,,,,,,,,,,,,,,,,,,,,,,,,,,,,,,,,,,,,,,,,,,,,,,,,,,,,,,,,,,,,,,,,,,,,,,,,,,,,,,,,,,,,,,,,,,,,,,,,,,,,,,,,,,,,,,,,,,,,,,,,,,,,,,,,,,,,,,,,,,,,,,,,,,,,,,,,,,,,,,,,,,,,,,,,,,,,,,,,,,,,,,,,,,,,,,,,,,,,,,,,,,,,,,,,,,,,,,,,,,,,,,,,,,,,,,,,,,,,,,,,,,,,,,,,,,,,,,,,,,,,,,,,,,,,,,,,,,,,,,,,,,,,,,,,,,,,,,,,,,,,,,,,,,,,,,,,,,,,,,,,,,,,,,,,,,,,,,,,,,,,,,,,,,,,,,,,,,,,,,,,,,,,,,,,,,,,,,,,,,,,,,,,,,,,,,,,,,,,,,,,,,,,,,,,,,,,,,,,,,,,,,,,,,,,,,,,,,,,,,,,,,,,,,,,,,,,,,,,,,,,,,,,,,,,,,,,,,,,,,,,,,,,,,,,,,,,,,,,,,,,,,,,,,,,,,,,,,,,,,,,,,,,,,,,,,,,,,,,,,,,,,,,,,,,,,,,,,,,,,,,,,,,
Q3770,Macro,4,8,Quarterly,30-09-83 12:00,126,Q3770,1900.0,2400.0,2300.0,2300.0,2900.0,3800.0,3100.0,3100.0,3900.0,3700.0,4100.0,3900.0,3800.0,4000.0,3600.0,3800.0,3600.0,3900.0,3900.0,4100.0,4700.0,5000.0,5300.0,5200.0,5800.0,5800.0,5300.0,5500.0,6500.0,5300.0,5300.0,4700.0,6200.0,5500.0,6100.0,6400.0,7200.0,8200.0,7300.0,6100.0,8300.0,8500.0,8100.0,6300.0,8300.0,8500.0,6800.0,6900.0,6700.0,6000.0,5700.0,5100.0,5300.0,6100.0,5000.0,5300.0,5400.0,4700.0,4600.0,4200.0,3800.0,4300.0,3800.0,3800.0,3200.0,3600.0,4300.0,6400.0,4300.0,4000.0,3500.0,3900.0,5700.0,5200.0,5200.0,6600.0,7000.0,8000.0,7700.0,7000.0,9200.0,11200.0,11500.0,11600.0,11200.0,12900.0,10800.0,11900.0,14900.0,10800.0,10900.0,14300.0,12300.0,13500.0,13700.0,14300.0,14600.0,15900.0,14800.0,16800.0,16400.0,16600.0,14000.0,15700.0,15300.0,15500.0,15700.0,17900.0,17300.0,15400.0,15800.0,15700.0,11100.0,12600.0,11200.0,9700.0,13000.0,10500.0,9800.0,10500.0,9900.0,10200.0,9800.0,11600.0,14200.0,15900.0,,,,,,,,,,,,,,,,,,,,,,,,,,,,,,,,,,,,,,,,,,,,,,,,,,,,,,,,,,,,,,,,,,,,,,,,,,,,,,,,,,,,,,,,,,,,,,,,,,,,,,,,,,,,,,,,,,,,,,,,,,,,,,,,,,,,,,,,,,,,,,,,,,,,,,,,,,,,,,,,,,,,,,,,,,,,,,,,,,,,,,,,,,,,,,,,,,,,,,,,,,,,,,,,,,,,,,,,,,,,,,,,,,,,,,,,,,,,,,,,,,,,,,,,,,,,,,,,,,,,,,,,,,,,,,,,,,,,,,,,,,,,,,,,,,,,,,,,,,,,,,,,,,,,,,,,,,,,,,,,,,,,,,,,,,,,,,,,,,,,,,,,,,,,,,,,,,,,,,,,,,,,,,,,,,,,,,,,,,,,,,,,,,,,,,,,,,,,,,,,,,,,,,,,,,,,,,,,,,,,,,,,,,,,,,,,,,,,,,,,,,,,,,,,,,,,,,,,,,,,,,,,,,,,,,,,,,,,,,,,,,,,,,,,,,,,,,,,,,,,,,,,,,,,,,,,,,,,,,,,,,,,,,,,,,,,,,,,,,,,,,,,,,,,,,,,,,,,,,,,,,,,,,,,,,,,,,,,,,,,,,,,,,,,,,,,,,,,,,,,,,,,,,,,,,,,,,,,,,,,,,,,,,,,,,,,,,,,,,,,,,,,,,,,,,,,,,,,,,,,,,,,,,,,,,,,,,,,,,,,,,,,,,,,,,,,,,,,,,,,,,,,,,,,,,,,,,,,,,,,,,,,,,,,,,,,,,,,,,,,
Q4038,Macro,4,8,Quarterly,30-09-85 12:00,118,Q4038,2470.0,2510.0,2550.0,2580.0,2620.0,2650.0,2680.0,2700.0,2730.0,2740.0,2750.0,2770.0,2800.0,2820.0,2850.0,2870.0,2900.0,2930.0,2950.0,2990.0,3020.0,3050.0,3070.0,3090.0,3120.0,3140.0,3180.0,3210.0,3240.0,3280.0,3320.0,3350.0,3400.0,3440.0,3470.0,3510.0,3550.0,3600.0,3660.0,3690.0,3730.0,3790.0,3820.0,3850.0,3900.0,3940.0,3980.0,4040.0,4080.0,4120.0,4160.0,4210.0,4250.0,4290.0,4340.0,4390.0,4450.0,4500.0,4530.0,4570.0,4590.0,4610.0,4630.0,4680.0,4710.0,4730.0,4760.0,4800.0,4830.0,4840.0,4860.0,4910.0,4950.0,4970.0,5010.0,5060.0,5110.0,5150.0,5200.0,5260.0,5300.0,5340.0,5390.0,5430.0,5480.0,5510.0,5560.0,5610.0,5670.0,5720.0,5760.0,5820.0,5870.0,5900.0,5940.0,6020.0,6070.0,6100.0,6140.0,6190.0,6230.0,6250.0,6260.0,6300.0,6350.0,6360.0,6400.0,6470.0,6530.0,6590.0,6640.0,6700.0,6720.0,6730.0,6740.0,6770.0,6800.0,6800.0,,,,,,,,,,,,,,,,,,,,,,,,,,,,,,,,,,,,,,,,,,,,,,,,,,,,,,,,,,,,,,,,,,,,,,,,,,,,,,,,,,,,,,,,,,,,,,,,,,,,,,,,,,,,,,,,,,,,,,,,,,,,,,,,,,,,,,,,,,,,,,,,,,,,,,,,,,,,,,,,,,,,,,,,,,,,,,,,,,,,,,,,,,,,,,,,,,,,,,,,,,,,,,,,,,,,,,,,,,,,,,,,,,,,,,,,,,,,,,,,,,,,,,,,,,,,,,,,,,,,,,,,,,,,,,,,,,,,,,,,,,,,,,,,,,,,,,,,,,,,,,,,,,,,,,,,,,,,,,,,,,,,,,,,,,,,,,,,,,,,,,,,,,,,,,,,,,,,,,,,,,,,,,,,,,,,,,,,,,,,,,,,,,,,,,,,,,,,,,,,,,,,,,,,,,,,,,,,,,,,,,,,,,,,,,,,,,,,,,,,,,,,,,,,,,,,,,,,,,,,,,,,,,,,,,,,,,,,,,,,,,,,,,,,,,,,,,,,,,,,,,,,,,,,,,,,,,,,,,,,,,,,,,,,,,,,,,,,,,,,,,,,,,,,,,,,,,,,,,,,,,,,,,,,,,,,,,,,,,,,,,,,,,,,,,,,,,,,,,,,,,,,,,,,,,,,,,,,,,,,,,,,,,,,,,,,,,,,,,,,,,,,,,,,,,,,,,,,,,,,,,,,,,,,,,,,,,,,,,,,,,,,,,,,,,,,,,,,,,,,,,,,,,,,,,,,,,,,,,,,,,,,,,,,,,,,,,,,,,,,,,,,,,,,
Q3957,Macro,4,8,Quarterly,30-09-83 12:00,126,Q3957,358.0,370.0,387.0,400.0,410.0,424.0,435.0,452.0,471.0,489.0,500.0,513.0,522.0,529.0,543.0,554.0,571.0,587.0,601.0,610.0,630.0,639.0,670.0,671.0,693.0,707.0,725.0,746.0,760.0,783.0,796.0,813.0,833.0,844.0,853.0,862.0,867.0,875.0,882.0,888.0,903.0,910.0,914.0,920.0,928.0,936.0,943.0,953.0,957.0,964.0,970.0,975.0,980.0,990.0,1002.0,1013.0,1027.0,1040.0,1049.0,1061.0,1076.0,1089.0,1099.0,1111.0,1121.0,1135.0,1150.0,1166.0,1185.0,1201.0,1218.0,1233.0,1248.0,1271.0,1295.0,1321.0,1345.0,1370.0,1392.0,1421.0,1444.0,1469.0,1502.0,1531.0,1561.0,1590.0,1619.0,1650.0,1678.0,1711.0,1743.0,1786.0,1834.0,1862.0,1892.0,1926.0,1950.0,1999.0,2039.0,2077.0,2114.0,2162.0,2205.0,2246.0,2271.0,2308.0,2350.0,2398.0,2426.0,2468.0,2508.0,2553.0,2580.0,2620.0,2651.0,2690.0,2729.0,2757.0,2794.0,2825.0,2849.0,2883.0,2915.0,2942.0,2971.0,3004.0,,,,,,,,,,,,,,,,,,,,,,,,,,,,,,,,,,,,,,,,,,,,,,,,,,,,,,,,,,,,,,,,,,,,,,,,,,,,,,,,,,,,,,,,,,,,,,,,,,,,,,,,,,,,,,,,,,,,,,,,,,,,,,,,,,,,,,,,,,,,,,,,,,,,,,,,,,,,,,,,,,,,,,,,,,,,,,,,,,,,,,,,,,,,,,,,,,,,,,,,,,,,,,,,,,,,,,,,,,,,,,,,,,,,,,,,,,,,,,,,,,,,,,,,,,,,,,,,,,,,,,,,,,,,,,,,,,,,,,,,,,,,,,,,,,,,,,,,,,,,,,,,,,,,,,,,,,,,,,,,,,,,,,,,,,,,,,,,,,,,,,,,,,,,,,,,,,,,,,,,,,,,,,,,,,,,,,,,,,,,,,,,,,,,,,,,,,,,,,,,,,,,,,,,,,,,,,,,,,,,,,,,,,,,,,,,,,,,,,,,,,,,,,,,,,,,,,,,,,,,,,,,,,,,,,,,,,,,,,,,,,,,,,,,,,,,,,,,,,,,,,,,,,,,,,,,,,,,,,,,,,,,,,,,,,,,,,,,,,,,,,,,,,,,,,,,,,,,,,,,,,,,,,,,,,,,,,,,,,,,,,,,,,,,,,,,,,,,,,,,,,,,,,,,,,,,,,,,,,,,,,,,,,,,,,,,,,,,,,,,,,,,,,,,,,,,,,,,,,,,,,,,,,,,,,,,,,,,,,,,,,,,,,,,,,,,,,,,,,,,,,,,,,,,,,,,,,,,,,,,,,,,,,,,,,,,,,,,,,,,
Q5109,Macro,4,8,Quarterly,31-03-63 12:00,866,Q5109,516.4,516.4,516.4,519.1,521.8,524.5,526.5,528.4,530.4,533.1,535.9,538.6,544.9,551.3,557.6,562.6,567.5,572.5,577.6,582.6,587.7,590.5,593.4,596.2,601.0,605.9,610.7,614.4,618.1,621.8,629.7,637.5,645.4,650.5,655.5,660.6,676.4,676.4,676.4,689.0,701.7,714.3,723.3,732.4,741.4,793.0,844.7,896.3,894.6,892.8,891.1,904.1,917.2,930.2,939.6,948.9,958.3,964.9,971.6,978.2,980.8,983.5,986.1,1000.1,1014.2,1028.2,1036.5,1044.8,1053.1,1054.9,1056.6,1058.4,1064.9,1071.5,1078.0,1091.2,1104.5,1117.7,1124.1,1130.4,1136.8,1140.4,1144.1,1147.7,1154.2,1160.8,1167.3,1182.2,1197.2,1212.1,1215.9,1219.6,1223.4,1231.3,1239.1,1247.0,1253.5,1260.0,1266.5,1283.2,1299.9,1316.6,1326.4,1336.1,1345.9,1352.4,1359.0,1365.5,1367.6,1369.7,1371.8,1391.1,1410.3,1429.6,1442.0,1454.4,1466.8,1474.6,1482.5,1490.3,1496.4,1502.5,1508.6,1534.6,1560.6,1586.6,1608.5,1630.4,1652.3,1668.9,1685.4,1702.0,1714.4,1726.9,1739.3,1779.2,1819.2,1859.1,1883.5,1907.9,1932.3,1955.1,1977.9,2000.7,2014.9,2029.2,2043.4,2087.8,2132.2,2176.6,2197.1,2217.5,2238.0,2259.6,2281.2,2302.8,2308.2,2313.6,2319.0,2338.5,2358.0,2377.5,2387.6,2397.7,2407.8,2421.8,2435.9,2449.9,2466.7,2483.4,2500.2,2503.6,2507.0,2510.4,2522.7,2535.1,2547.4,2542.8,2538.2,2533.6,2565.6,2597.6,2629.6,2642.7,2655.8,2668.9,2672.5,2676.1,2679.7,2680.8,2682.0,2683.1,2716.3,2749.6,2782.8,2781.6,2780.4,2779.2,2805.1,2831.0,2856.9,2876.5,2896.1,2915.7,2958.8,3001.9,3045.0,3072.6,3100.3,3127.9,3151.4,3174.9,3198.4,3194.4,3190.3,3186.3,3213.2,3240.0,3266.9,3289.3,3311.7,3334.1,3360.1,3386.2,3412.2,3407.4,3402.6,3397.8,3370.3,3342.8,3315.3,3312.4,3309.6,3306.7,3305.7,3304.6,3303.6,3293.3,3282.9,3272.6,3305.4,3338.3,3371.1,3383.2,3395.4,3407.5,3416.1,3424.6,3433.2,3431.8,3430.5,3429.1,3455.2,3481.2,3507.3,3525.2,3543.1,3561.0,3586.2,3611.4,3636.6,3664.5,3692.3,3720.2,3764.0,3807.8,3851.6,3869.5,3887.5,3905.4,3927.1,3948.8,3970.5,3987.2,4003.8,4020.5,4085.1,4149.8,4214.4,4276.5,4338.5,4400.6,4401.6,4402.5,4403.5,4412.9,4422.4,4431.8,4476.3,4520.7,4565.2,4653.5,4741.9,4830.2,4832.0,4833.7,4835.5,4807.1,4778.6,4750.2,4775.8,4801.5,4827.1,4876.6,4926.1,4975.6,4991.5,5007.4,5023.3,5048.2,5073.1,5098.0,5125.0,5151.9,5178.9,5205.6,5232.4,5259.1,5278.4,5297.8,5317.1,5314.4,5311.8,5309.1,5316.8,5324.6,5332.3,5352.6,5373.0,5393.3,5442.3,5491.4,5540.4,5549.1,5557.8,5566.5,5559.5,5552.5,5545.5,5537.2,5528.8,5520.5,5509.5,5498.4,5487.4,5486.3,5485.3,5484.2,5514.8,5545.3,5575.9,5569.5,5563.2,5556.8,5552.3,5547.7,5543.2,5363.6,5183.9,5004.3,5006.8,5009.3,5011.8,5010.3,5008.9,5007.4,5010.0,5012.5,5015.1,5003.1,4991.2,4979.2,5002.4,5025.6,5048.8,5044.6,5040.4,5036.2,5019.2,5002.1,4985.1,4984.5,4984.0,4983.4,4994.8,5006.1,5017.5,5050.1,5082.8,5115.4,5116.7,5117.9,5119.2,5142.4,5165.7,5188.9,5135.9,5083.0,5030.0,5043.0,5055.9,5068.9,5084.2,5099.6,5114.9,5129.1,5143.3,5157.5,5143.6,5129.7,5115.8,5134.8,5153.9,5172.9,5168.6,5164.3,5160.0,5184.2,5208.5,5232.7,5159.1,5085.4,5011.8,5022.9,5034.0,5045.1,5054.7,5064.2,5073.8,5090.9,5108.1,5125.2,5097.9,5070.7,5043.4,5040.4,5037.5,5034.5,5046.0,5057.5,5069.0,5103.7,5138.3,5173.0,5147.8,5122.6,5097.4,5133.3,5169.2,5205.1,5192.5,5179.9,5167.3,5189.4,5211.6,5233.7,5215.5,5197.2,5179.0,5176.6,5174.3,5171.9,5181.5,5191.1,5200.7,5211.6,5222.6,5233.5,5217.4,5201.2,5185.1,5159.9,5134.8,5109.6,5135.9,5162.1,5188.4,5182.1,5175.8,5169.5,5132.1,5094.7,5057.3,5052.6,5047.8,5043.1,5011.2,4979.4,4947.5,4947.9,4948.4,4948.8,4977.0,5005.3,5033.5,5040.6,5047.7,5054.8,5075.7,5096.5,5117.4,5169.5,5221.7,5273.8,5271.5,5269.1,5266.8,5350.3,5433.7,5517.2,5537.6,5558.0,5578.4,5612.8,5647.2,5681.6,5733.2,5784.7,5836.3,5837.2,5838.1,5839.0,5885.4,5931.8,5978.2,5996.1,6013.9,6031.8,6045.3,6058.8,6072.3,6028.4,5984.6,5940.7,6011.3,6081.9,6152.5,6193.6,6234.8,6275.9,6358.4,6440.8,6523.3,6536.0,6548.8,6561.5,6591.6,6621.8,6651.9,6668.3,6684.6,6701.0,6685.4,6669.7,6654.1,6614.0,6573.9,6533.8,6559.7,6585.6,6611.5,6617.9,6624.2,6630.6,6679.4,6728.3,6777.1,6856.9,6936.8,7016.6,7032.3,7048.0,7063.7,7054.4,7045.2,7035.9,7040.2,7044.6,7048.9,7054.1,7059.3,7064.5,7083.5,7102.5,7121.5,7152.1,7182.8,7213.4,7482.1,7750.8,8019.5,8045.6,8071.6,8097.7,8101.8,8105.8,8109.9,8128.8,8147.6,8166.5,8188.6,8210.7,8232.8,8235.2,8237.5,8239.9,8234.5,8229.0,8223.6,8221.9,8220.2,8218.5,8219.8,8221.0,8222.3,8221.3,8220.3,8219.3,8240.8,8262.2,8283.7,8303.9,8324.1,8344.3,8331.9,8319.6,8307.2,8351.6,8396.0,8440.4,8435.9,8431.4,8426.9,8427.4,8427.9,8428.4,8448.6,8468.9,8489.1,8531.0,8573.0,8614.9,8637.9,8660.8,8683.8,8680.3,8676.7,8673.2,8696.7,8720.1,8743.6,8782.2,8820.9,8859.5,8898.1,8936.8,516.4,524.5,530.4,538.6,557.6,572.5,587.7,596.2,610.7,621.8,645.4,660.6,676.4,714.3,741.4,896.3,891.1,930.2,958.3,978.2,986.1,1028.2,1053.1,1058.4,1078.0,1117.7,1136.8,1147.7,1167.3,1212.1,1223.4,1247.0,1266.5,1316.6,1345.9,1365.5,1371.8,1429.6,1466.8,1490.3,1508.6,1586.6,1652.3,1702.0,1739.3,1859.1,1932.3,2000.7,2043.4,2176.6,2238.0,2302.8,2319.0,2377.5,2407.8,2449.9,2500.2,2510.4,2547.4,2533.6,2629.6,2668.9,2679.7,2683.1,2782.8,2779.2,2856.9,2915.7,3045.0,3127.9,3198.4,3186.3,3266.9,3334.1,3412.2,3397.8,3315.3,3306.7,3303.6,3272.6,3371.1,3407.5,3433.2,3429.1,3507.3,3561.0,3636.6,3720.2,3851.6,3905.4,3970.5,4020.5,4214.4,4400.6,4403.5,4431.8,4565.2,4830.2,4835.5,4750.2,4827.1,4975.6,5023.3,5098.0,5178.9,5259.1,5317.1,5309.1,5332.3,5393.3,5540.4,5566.5,5545.5,5520.5,5487.4,5484.2,5575.9,5556.8,5543.2,5004.3,5011.8,5007.4,5015.1,4979.2,5048.8,5036.2,4985.1,4983.4,5017.5,5115.4,5119.2,5188.9,5030.0,5068.9,5114.9,5157.5,5115.8,5172.9,5160.0,5232.7,5011.8,5045.1,5073.8,5125.2,5043.4,5034.5,5069.0,5173.0,5097.4,5205.1,5167.3,5233.7,5179.0,5171.9,5200.7,5233.5,5185.1,5109.6,5188.4,5169.5,5057.3,5043.1,4947.5,4948.8,5033.5,5054.8,5117.4,5273.8,5266.8,5517.2,5578.4,5681.6,5836.3,5839.0,5978.2,6031.8,6072.3,5940.7,6152.5,6275.9,6523.3,6561.5,6651.9,6701.0,6654.1,6533.8,6611.5,6630.6,6777.1,7016.6,7063.7,7035.9,7048.9,7064.5,7121.5,7213.4,8019.5,8097.7,8109.9,8166.5,8232.8,8239.9,8223.6,8218.5,8222.3,8219.3,8283.7,8344.3,8307.2,8440.4
Q11298,Micro,4,8,Quarterly,30-06-88 12:00,109,Q11298,1472.0,1556.0,1632.0,1588.0,1433.0,1717.0,1334.0,1553.0,2039.0,2417.0,3013.0,2192.0,2719.0,2559.0,4238.0,4110.0,3763.0,3817.0,3619.0,3983.0,3818.0,3760.0,3992.0,3974.0,4088.0,4369.0,3920.0,3943.0,4925.0,4852.0,5057.0,5043.0,5107.0,5160.0,5239.0,5131.0,6276.0,7558.0,7601.0,7083.0,7107.0,7055.0,7489.0,7983.0,9737.0,12091.0,12097.0,12129.0,11165.0,9995.0,9471.0,10043.0,10277.0,10918.0,10771.0,9982.0,10303.0,10258.0,12090.0,12877.0,13188.0,11418.0,10304.0,10685.0,11339.0,12192.0,11948.0,12501.0,13369.0,12971.0,13198.0,13585.0,14762.0,14672.0,15173.0,14990.0,14470.0,13547.0,11889.0,13480.0,13615.0,13432.0,13722.0,14093.0,11088.0,12311.0,11833.0,11313.0,11447.0,10963.0,10943.0,12177.0,11603.0,11358.0,11307.0,12940.0,13110.0,13539.0,13685.0,12626.0,11434.0,11294.0,11387.0,11009.0,12408.0,11622.0,13478.0,13788.0,14620.0,,,,,,,,,,,,,,,,,,,,,,,,,,,,,,,,,,,,,,,,,,,,,,,,,,,,,,,,,,,,,,,,,,,,,,,,,,,,,,,,,,,,,,,,,,,,,,,,,,,,,,,,,,,,,,,,,,,,,,,,,,,,,,,,,,,,,,,,,,,,,,,,,,,,,,,,,,,,,,,,,,,,,,,,,,,,,,,,,,,,,,,,,,,,,,,,,,,,,,,,,,,,,,,,,,,,,,,,,,,,,,,,,,,,,,,,,,,,,,,,,,,,,,,,,,,,,,,,,,,,,,,,,,,,,,,,,,,,,,,,,,,,,,,,,,,,,,,,,,,,,,,,,,,,,,,,,,,,,,,,,,,,,,,,,,,,,,,,,,,,,,,,,,,,,,,,,,,,,,,,,,,,,,,,,,,,,,,,,,,,,,,,,,,,,,,,,,,,,,,,,,,,,,,,,,,,,,,,,,,,,,,,,,,,,,,,,,,,,,,,,,,,,,,,,,,,,,,,,,,,,,,,,,,,,,,,,,,,,,,,,,,,,,,,,,,,,,,,,,,,,,,,,,,,,,,,,,,,,,,,,,,,,,,,,,,,,,,,,,,,,,,,,,,,,,,,,,,,,,,,,,,,,,,,,,,,,,,,,,,,,,,,,,,,,,,,,,,,,,,,,,,,,,,,,,,,,,,,,,,,,,,,,,,,,,,,,,,,,,,,,,,,,,,,,,,,,,,,,,,,,,,,,,,,,,,,,,,,,,,,,,,,,,,,,,,,,,,,,,,,,,,,,,,,,,,,,,,,,,,,,,,,,,,,,,,,,,,,,,,,,,,,,,,,,,,,,,,,,
Q9597,Micro,4,8,Quarterly,30-06-88 12:00,106,Q9597,1026.1,972.0,950.0,1009.4,839.2,1071.4,1172.8,1265.1,564.9,824.2,1030.8,1057.2,984.1,1031.7,1070.8,1230.8,1140.2,1313.5,1410.4,1386.5,1183.5,1170.5,1231.8,1298.2,1227.8,1653.8,1479.7,1516.0,1454.8,1420.9,1297.9,1183.0,1352.1,1149.3,1111.1,1174.7,964.7,1145.2,928.1,909.1,724.3,1272.6,1029.7,1098.7,907.6,1211.4,1259.0,1436.5,1151.1,1301.1,1103.0,1218.4,1180.4,1379.4,1267.6,1180.8,1574.3,1669.3,1625.7,1404.4,1466.0,1415.3,1479.7,1691.5,1592.5,1733.9,1922.4,1745.6,2113.6,2027.4,2130.5,2101.0,2122.6,2370.5,2370.8,1980.6,2138.9,2976.7,3491.6,3524.9,3032.9,2866.3,1934.4,1635.8,2423.6,2233.5,2429.5,1814.4,1278.6,1643.8,1759.4,1717.1,1707.8,1770.1,1538.9,1942.2,2189.1,2386.6,2520.9,2049.1,1533.9,2009.7,1733.1,1274.7,1712.4,2340.5,,,,,,,,,,,,,,,,,,,,,,,,,,,,,,,,,,,,,,,,,,,,,,,,,,,,,,,,,,,,,,,,,,,,,,,,,,,,,,,,,,,,,,,,,,,,,,,,,,,,,,,,,,,,,,,,,,,,,,,,,,,,,,,,,,,,,,,,,,,,,,,,,,,,,,,,,,,,,,,,,,,,,,,,,,,,,,,,,,,,,,,,,,,,,,,,,,,,,,,,,,,,,,,,,,,,,,,,,,,,,,,,,,,,,,,,,,,,,,,,,,,,,,,,,,,,,,,,,,,,,,,,,,,,,,,,,,,,,,,,,,,,,,,,,,,,,,,,,,,,,,,,,,,,,,,,,,,,,,,,,,,,,,,,,,,,,,,,,,,,,,,,,,,,,,,,,,,,,,,,,,,,,,,,,,,,,,,,,,,,,,,,,,,,,,,,,,,,,,,,,,,,,,,,,,,,,,,,,,,,,,,,,,,,,,,,,,,,,,,,,,,,,,,,,,,,,,,,,,,,,,,,,,,,,,,,,,,,,,,,,,,,,,,,,,,,,,,,,,,,,,,,,,,,,,,,,,,,,,,,,,,,,,,,,,,,,,,,,,,,,,,,,,,,,,,,,,,,,,,,,,,,,,,,,,,,,,,,,,,,,,,,,,,,,,,,,,,,,,,,,,,,,,,,,,,,,,,,,,,,,,,,,,,,,,,,,,,,,,,,,,,,,,,,,,,,,,,,,,,,,,,,,,,,,,,,,,,,,,,,,,,,,,,,,,,,,,,,,,,,,,,,,,,,,,,,,,,,,,,,,,,,,,,,,,,,,,,,,,,,,,,,,,,,,,,,,,,,,,,,
Q9516,Micro,4,8,Quarterly,30-06-88 12:00,106,Q9516,2445.0,2614.0,3015.0,3649.0,9175.0,8526.0,8764.0,7874.0,7644.0,8068.0,7711.0,7603.0,8654.0,5785.0,4392.0,2636.0,3160.0,3735.0,3928.0,3164.0,3160.0,2848.0,3148.0,4124.0,3926.0,3456.0,2353.0,2213.0,2234.0,3033.0,4006.0,2857.0,2701.0,2943.0,3878.0,3876.0,4068.0,4028.0,4149.0,4351.0,5008.0,7403.0,6890.0,7678.0,8815.0,10168.0,10398.0,11791.0,12518.0,12228.0,9642.0,12355.0,12021.0,8980.0,10984.0,10994.0,9995.0,10036.0,11000.0,9592.0,9929.0,9859.0,9865.0,11095.0,12290.0,12792.0,13257.0,12227.0,12559.0,10931.0,11520.0,9149.0,9101.0,8037.0,9362.0,9210.0,9102.0,9596.0,10488.0,10699.0,10165.0,13958.0,8970.0,8001.0,6053.0,8053.0,8094.0,8248.0,8422.0,9115.0,9294.0,10360.0,8816.0,9377.0,9891.0,9137.0,9358.0,9998.0,9361.0,9439.0,8982.0,8700.0,8340.0,9051.0,9559.0,9835.0,,,,,,,,,,,,,,,,,,,,,,,,,,,,,,,,,,,,,,,,,,,,,,,,,,,,,,,,,,,,,,,,,,,,,,,,,,,,,,,,,,,,,,,,,,,,,,,,,,,,,,,,,,,,,,,,,,,,,,,,,,,,,,,,,,,,,,,,,,,,,,,,,,,,,,,,,,,,,,,,,,,,,,,,,,,,,,,,,,,,,,,,,,,,,,,,,,,,,,,,,,,,,,,,,,,,,,,,,,,,,,,,,,,,,,,,,,,,,,,,,,,,,,,,,,,,,,,,,,,,,,,,,,,,,,,,,,,,,,,,,,,,,,,,,,,,,,,,,,,,,,,,,,,,,,,,,,,,,,,,,,,,,,,,,,,,,,,,,,,,,,,,,,,,,,,,,,,,,,,,,,,,,,,,,,,,,,,,,,,,,,,,,,,,,,,,,,,,,,,,,,,,,,,,,,,,,,,,,,,,,,,,,,,,,,,,,,,,,,,,,,,,,,,,,,,,,,,,,,,,,,,,,,,,,,,,,,,,,,,,,,,,,,,,,,,,,,,,,,,,,,,,,,,,,,,,,,,,,,,,,,,,,,,,,,,,,,,,,,,,,,,,,,,,,,,,,,,,,,,,,,,,,,,,,,,,,,,,,,,,,,,,,,,,,,,,,,,,,,,,,,,,,,,,,,,,,,,,,,,,,,,,,,,,,,,,,,,,,,,,,,,,,,,,,,,,,,,,,,,,,,,,,,,,,,,,,,,,,,,,,,,,,,,,,,,,,,,,,,,,,,,,,,,,,,,,,,,,,,,,,,,,,,,,,,,,,,,,,,,,,,,,,,,,,,,,,,,,,,,,
Q9551,Micro,4,8,Quarterly,30-06-88 12:00,106,Q9551,493.66,516.41,565.53,538.5,559.46,541.07,530.69,540.54,514.51,546.7,507.96,523.5,490.43,480.36,546.49,515.32,502.86,487.71,506.91,526.0,551.21,524.86,521.93,553.84,594.02,586.13,624.61,624.5,693.12,698.93,710.91,709.92,763.91,786.63,819.54,833.92,848.37,888.58,919.88,955.98,1042.52,1099.07,1198.74,1195.57,1201.45,1231.73,1320.93,1377.28,1181.17,1220.74,1293.47,1289.33,1248.16,1254.31,1288.86,1276.44,1171.4,1117.66,1167.14,1450.46,1515.15,1467.35,1505.16,1437.65,1466.09,1451.27,1538.88,1571.0,1664.89,1728.87,1769.87,1828.47,1990.77,2080.8,2199.62,2287.51,2290.77,2286.48,2402.78,2579.82,2843.8,2912.26,3066.63,3157.02,3105.8,3040.46,3023.26,3051.87,3264.1,3440.61,3590.43,3659.11,3603.42,3737.15,3774.74,3645.64,3615.07,3652.13,3693.64,3670.86,3773.63,3857.22,3882.46,3738.51,3880.7,3906.64,,,,,,,,,,,,,,,,,,,,,,,,,,,,,,,,,,,,,,,,,,,,,,,,,,,,,,,,,,,,,,,,,,,,,,,,,,,,,,,,,,,,,,,,,,,,,,,,,,,,,,,,,,,,,,,,,,,,,,,,,,,,,,,,,,,,,,,,,,,,,,,,,,,,,,,,,,,,,,,,,,,,,,,,,,,,,,,,,,,,,,,,,,,,,,,,,,,,,,,,,,,,,,,,,,,,,,,,,,,,,,,,,,,,,,,,,,,,,,,,,,,,,,,,,,,,,,,,,,,,,,,,,,,,,,,,,,,,,,,,,,,,,,,,,,,,,,,,,,,,,,,,,,,,,,,,,,,,,,,,,,,,,,,,,,,,,,,,,,,,,,,,,,,,,,,,,,,,,,,,,,,,,,,,,,,,,,,,,,,,,,,,,,,,,,,,,,,,,,,,,,,,,,,,,,,,,,,,,,,,,,,,,,,,,,,,,,,,,,,,,,,,,,,,,,,,,,,,,,,,,,,,,,,,,,,,,,,,,,,,,,,,,,,,,,,,,,,,,,,,,,,,,,,,,,,,,,,,,,,,,,,,,,,,,,,,,,,,,,,,,,,,,,,,,,,,,,,,,,,,,,,,,,,,,,,,,,,,,,,,,,,,,,,,,,,,,,,,,,,,,,,,,,,,,,,,,,,,,,,,,,,,,,,,,,,,,,,,,,,,,,,,,,,,,,,,,,,,,,,,,,,,,,,,,,,,,,,,,,,,,,,,,,,,,,,,,,,,,,,,,,,,,,,,,,,,,,,,,,,,,,,,,,,,,,,,,,,,,,,,,,,,,,,,,,,,,,,,,,,,
Q10414,Micro,4,8,Quarterly,31-01-55 12:00,737,Q10414,5179.131,5137.479,5077.676,5284.417,5092.667,5192.319,5219.939,5256.108,5359.752,5431.052,5317.293,5069.178,5348.783,5366.819,5953.697,5018.825,5422.311,5451.616,5514.557,5564.548,5659.655,5655.631,5908.532,5756.613,5784.29,5814.538,5714.195,5912.001,5495.338,6290.395,5932.46,5862.514,5874.427,5733.157,5692.787,5875.535,5829.863,5960.552,5962.653,5825.192,5930.274,5798.114,5837.003,5802.933,5703.613,5809.657,5847.588,5956.587,6075.77,6041.803,6692.036,5541.686,6304.787,6073.754,6152.583,6256.56,6235.909,6305.5,6276.087,6350.367,6397.451,6173.264,6417.56,6690.101,6459.21,6739.391,6661.356,6732.815,6808.86,6839.106,6587.724,6635.883,6866.248,7048.895,7630.927,6833.793,7186.835,7043.71,7385.629,7329.334,7131.647,7369.908,7455.618,7315.604,7460.928,7597.495,7391.671,7975.801,7409.492,7981.453,7670.004,7488.017,7905.419,7793.075,7953.246,8007.754,7884.731,7951.071,7971.202,8026.034,7973.453,8305.276,8106.765,8188.66,8240.572,8111.633,8224.464,8485.579,8239.105,8182.719,9164.539,7685.13,8749.883,8136.981,8286.44,8539.453,8607.025,8861.552,8497.414,8751.105,8676.319,8706.382,8552.427,8898.46,8568.98,8881.348,8773.71,8710.606,8844.965,8864.415,8806.273,8435.321,8820.709,8794.317,8653.933,8729.675,8736.238,8646.153,8851.699,8898.755,8680.955,8895.813,9012.077,8387.628,8799.427,8941.71,9646.876,8251.659,8918.851,8753.157,8778.387,8709.524,9004.324,8644.961,8670.879,8886.843,8885.175,8403.349,8919.221,9004.198,8468.436,9124.421,9013.319,9048.924,9088.615,8952.258,9087.872,9023.914,9090.746,9058.054,9444.945,9217.05,9403.043,9152.758,9349.992,9524.32,9276.437,9337.5,9653.534,9607.152,9431.757,9625.146,10327.63,8972.235,9708.268,9596.172,9653.773,9768.206,9657.579,10085.31,9519.877,9903.947,9868.09,9789.946,9561.928,10159.53,9825.089,9798.096,9833.89,9748.467,9948.231,9953.622,9971.66,9594.206,9655.957,9758.667,10831.04,9774.265,10149.28,10101.47,10296.69,10367.71,10407.49,10151.15,10168.45,10162.96,10231.05,10142.64,10030.04,10328.04,9926.603,10145.68,10041.96,9686.052,9863.184,10092.16,9893.518,10157.95,9767.896,9776.236,9782.742,9985.548,9649.561,9825.656,9727.834,9589.521,9747.365,9928.397,9241.363,9181.289,9208.763,9236.216,9595.933,8275.445,8989.512,8374.648,8782.468,8813.042,8507.348,8618.661,8490.829,8652.528,8546.677,8164.107,8462.798,8715.85,8423.637,8667.726,8410.469,8581.012,8820.49,8382.293,8489.392,8420.195,8463.31,8762.428,8801.511,8627.625,8670.762,8702.93,8774.528,8977.026,8852.061,8676.806,8818.427,8335.327,8673.376,8715.46,9408.546,8262.175,8829.896,8688.218,8741.608,8608.972,8622.6,8645.855,8685.401,8785.72,8955.569,8812.195,8522.105,8670.337,8677.924,8660.935,8564.765,8785.506,8651.756,8674.795,8826.614,8816.346,9131.837,8638.594,8948.602,8701.366,8863.956,8755.859,9162.382,8887.393,8605.693,9152.327,9077.954,9148.067,9106.327,9086.831,8903.651,9147.325,8542.622,9056.279,8987.216,8702.52,8973.174,9118.658,8819.591,9055.526,8826.091,8913.272,8888.72,8880.807,8723.181,8578.848,8599.656,8667.287,8527.705,8784.452,8636.458,8547.808,8599.225,8826.48,9237.541,8327.954,8750.318,8768.902,8657.148,8771.832,8848.447,8742.072,8809.395,8430.946,8649.904,8596.375,8628.567,8862.755,8406.807,9090.664,8902.423,8923.744,9090.254,8770.947,8687.222,8952.792,9052.753,8832.906,8849.379,8907.28,8820.44,8866.318,9063.391,8946.564,8888.783,9082.279,9158.801,8989.496,9143.343,9152.43,9702.694,8648.484,9317.937,8981.04,9195.762,9245.882,9191.009,9163.306,9183.762,9378.437,9091.049,9228.903,8835.73,9602.473,8709.83,9423.534,9366.28,9126.061,9104.914,9451.556,9137.747,9360.243,9257.887,8885.272,9495.531,8976.974,9172.208,9172.44,9118.845,9408.247,9375.234,9309.481,9393.936,8829.797,9126.86,9437.035,9903.458,8688.624,9394.113,9176.126,9289.034,9351.978,9365.376,9155.842,9412.42,9179.506,9304.558,9359.51,9180.584,9347.926,9192.48,9435.727,9326.021,9288.126,9255.215,9011.302,9131.071,9269.498,9279.877,9160.533,9798.633,8646.909,9219.331,9002.496,9275.807,9113.359,8808.318,9265.797,9055.838,9040.427,8976.403,8657.146,8784.164,9042.307,8700.272,8867.381,8779.324,8548.024,8677.521,8819.202,8502.159,8702.325,8659.124,8506.044,8385.669,8587.463,8413.779,8417.321,8421.619,8386.101,8524.971,8467.87,8467.282,8195.47,8327.046,8563.964,8957.127,7936.701,8549.321,8434.516,8511.127,8533.549,8559.331,8423.195,8433.521,8301.402,8386.246,8404.506,8244.97,8407.95,8198.83,8445.752,8335.405,8520.225,8325.021,8012.492,8301.675,8266.499,8319.107,7986.516,8151.147,8045.352,8187.537,8124.069,8076.411,8046.961,8119.487,8025.638,8046.724,8179.276,8089.513,8217.944,8747.906,7594.759,8233.128,8003.553,8257.706,8104.653,8059.949,8310.4,8231.984,8375.182,8224.491,8355.467,8028.622,8331.448,8369.439,8262.434,8280.985,8254.964,8339.627,8222.531,8547.234,8373.84,8277.258,8383.059,8441.508,7999.393,8495.475,8250.376,8271.287,8309.071,8212.402,8401.246,8636.326,8137.907,8181.178,8076.672,8156.079,8533.439,8229.048,8540.665,8402.882,8586.102,8382.101,8468.266,8453.973,8574.428,8659.064,8557.87,8134.691,8446.248,8132.077,8687.555,8644.557,8650.722,8676.536,8442.562,8603.251,8603.058,8429.298,8559.286,8529.289,8429.298,8469.294,8299.308,8389.301,8419.299,8499.292,8459.295,8509.291,8599.284,8469.294,8449.296,8429.298,8439.297,8449.296,8359.303,8469.294,8209.316,8599.284,8589.285,8339.305,8639.28,8699.275,8579.285,8529.289,8559.286,8599.284,8559.286,8479.293,8489.293,8569.286,8509.291,8589.285,8539.288,8619.282,8709.274,8739.272,8769.27,8579.285,8789.268,8759.27,8809.266,8739.272,8849.262,8789.268,8709.274,8829.264,8799.267,8809.266,8929.256,8859.262,8999.25,9019.248,9219.231,8959.254,8989.251,9129.239,9189.234,9279.227,9209.232,9389.217,9409.216,9239.23,9279.227,9339.222,9569.202,9409.216,9389.217,9489.209,9419.215,9539.205,9599.2,9499.208,9479.21,9689.192,9699.192,9729.189,9789.185,10029.16,9629.198,9549.204,9639.197,9629.198,9649.196,9649.196,9579.202,9749.187,9669.194,9689.192,9759.187,9769.186,9919.173,9659.195,10019.17,9859.178,9939.172,9969.17,9939.172,9919.173,9919.173,10079.16,9979.169,10169.15,10089.16,10039.16,10099.16,10009.17,10159.15,10119.16,10429.13,9909.174,10159.15,10199.15,9849.179,10039.16,10169.15,10149.15,10119.16,10409.13,10289.14,10629.11,10379.14,10519.12,10469.13,10499.12,10449.13,10539.12,10469.13,10439.13,10549.12,10639.11,10609.12,10529.12,10679.11,10719.11,10619.12,10579.12,10699.11,10659.11,10639.11,10839.1,10809.1,10669.11,10789.1,10879.09,10749.1,10689.11,10899.09,10579.12,10829.1,10739.11,10699.11,10719.11,10979.08,10589.12,10549.12,10619.12,10679.11,10629.11,10759.1,10719.11,10649.11,10609.12,10599.12,10529.12,10779.1,10549.12,10479.13,10459.13,10459.13,10429.13,,,,,,,,,,,,,,,,,,,,,,,,,,,,,,,,,,,,,,,,,,,,,,,,,,,,,,,,,,,,,,,,,,,,,,,,,,,,,,,,,,,,,,,,,,,,,,,,,,,,,,,,,,,,,,,,,,,,,,,,,,,,,,,,,
Q23416,Other,4,8,Quarterly,31-03-70 12:00,180,Q23416,961.5,1034.14,1128.18,1227.19,1281.62,1281.3,1264.75,1277.44,1311.72,1320.82,1298.02,1247.24,1222.28,1276.69,1404.85,1560.53,1680.64,1693.77,1604.74,1473.02,1406.46,1458.91,1560.14,1617.45,1621.58,1604.2,1608.55,1645.37,1695.7,1758.24,1821.39,1868.71,1904.69,1944.94,2007.13,2073.74,2106.76,2144.63,2261.35,2434.22,2546.71,2560.01,2489.81,2412.36,2361.79,2309.85,2232.04,2142.04,2094.09,2146.72,2223.0,2256.42,2237.61,2177.3,2119.12,2080.99,2078.46,2118.74,2185.29,2275.54,2361.31,2394.13,2403.07,2401.88,2393.47,2397.12,2434.71,2507.61,2577.9,2613.31,2605.67,2572.83,2544.86,2549.86,2594.07,2644.75,2671.22,2696.42,2742.94,2809.5,2854.71,2839.07,2793.3,2777.43,2815.72,2883.97,2914.03,2878.79,2860.89,2853.08,2850.27,2870.92,2915.43,3022.24,3131.71,3207.56,3295.07,3357.68,3397.36,3393.86,3346.92,3307.27,3300.24,3330.63,3365.51,3353.11,3319.04,3303.96,3331.1,3377.83,3397.11,3372.76,3395.05,3470.77,3564.3,3590.55,3480.99,3354.65,3329.29,3419.48,3579.93,3694.2,3753.92,3792.44,3800.57,3791.05,3806.32,3879.45,3973.34,4015.71,3945.79,3788.99,3685.97,3667.78,3694.73,3721.02,3698.53,3745.44,3789.95,3735.32,3670.35,3651.72,3689.58,3738.76,3722.75,3722.92,3742.62,3759.73,3761.17,3748.77,3721.91,3687.89,3676.43,3706.09,3788.84,3900.96,3914.98,3815.22,3663.39,3541.21,3616.93,3825.54,4522.07,4572.43,4467.0,4313.02,4215.55,4164.65,4208.69,4271.67,4312.88,4307.98,4286.53,4260.36,4264.35,4312.56,4353.31,4384.81,4374.89,4338.71,,,,,,,,,,,,,,,,,,,,,,,,,,,,,,,,,,,,,,,,,,,,,,,,,,,,,,,,,,,,,,,,,,,,,,,,,,,,,,,,,,,,,,,,,,,,,,,,,,,,,,,,,,,,,,,,,,,,,,,,,,,,,,,,,,,,,,,,,,,,,,,,,,,,,,,,,,,,,,,,,,,,,,,,,,,,,,,,,,,,,,,,,,,,,,,,,,,,,,,,,,,,,,,,,,,,,,,,,,,,,,,,,,,,,,,,,,,,,,,,,,,,,,,,,,,,,,,,,,,,,,,,,,,,,,,,,,,,,,,,,,,,,,,,,,,,,,,,,,,,,,,,,,,,,,,,,,,,,,,,,,,,,,,,,,,,,,,,,,,,,,,,,,,,,,,,,,,,,,,,,,,,,,,,,,,,,,,,,,,,,,,,,,,,,,,,,,,,,,,,,,,,,,,,,,,,,,,,,,,,,,,,,,,,,,,,,,,,,,,,,,,,,,,,,,,,,,,,,,,,,,,,,,,,,,,,,,,,,,,,,,,,,,,,,,,,,,,,,,,,,,,,,,,,,,,,,,,,,,,,,,,,,,,,,,,,,,,,,,,,,,,,,,,,,,,,,,,,,,,,,,,,,,,,,,,,,,,,,,,,,,,,,,,,,,,,,,,,,,,,,,,,,,,,,,,,,,,,,,,,,,,,,,,,,,,,,,,,,,,,,,,,,,,,,,,,,,,,,,,,,,,,,,,,,,,,,,,,,,,,,,,,,,
Q23410,Other,4,8,Quarterly,30-09-69 12:00,177,Q23410,72.0,88.0,87.0,104.0,88.0,85.0,94.0,119.0,92.0,102.0,110.0,137.0,129.0,144.0,155.0,164.0,145.0,154.0,140.0,149.0,125.0,153.0,165.0,162.0,187.0,173.0,170.0,200.0,222.0,204.0,230.0,279.0,285.0,253.0,254.0,283.0,289.0,307.0,337.0,457.0,462.0,387.0,390.0,428.0,442.0,404.0,343.0,459.0,453.0,397.0,416.0,533.0,493.0,537.0,403.0,587.0,497.0,533.0,513.0,592.0,615.0,580.0,535.0,779.0,746.0,760.0,660.0,806.0,896.0,864.0,814.0,996.0,934.0,998.0,1016.0,1031.0,1003.0,1090.0,835.0,1128.0,1093.0,1039.0,946.0,1186.0,1148.0,1060.0,990.0,1381.0,1243.0,1304.0,1175.0,1516.0,1455.0,1464.0,1361.0,1648.0,1541.0,1657.0,1513.0,1800.0,1622.0,1747.0,1553.0,1983.0,1952.0,1833.0,1756.0,2163.0,2064.0,1981.0,1809.0,2523.0,2363.0,2364.0,2022.0,2518.0,2550.0,2638.0,2408.0,2613.0,2701.0,2778.0,2737.0,3046.0,3246.0,3459.0,3207.0,3603.0,3591.0,3502.0,3262.0,3302.0,3285.0,3190.0,2686.0,2573.0,2648.0,2614.0,2548.0,3042.0,2948.0,2709.0,2297.0,2755.0,2901.0,2818.0,2596.0,2847.0,2867.0,2850.0,2419.0,2639.0,2694.0,2792.0,2731.0,2960.0,2981.0,3479.0,3231.0,3081.0,2865.0,2763.0,2857.0,3185.0,3365.0,2922.0,2989.0,3868.0,4094.0,3877.0,3300.0,4157.0,4047.0,4146.0,3681.0,4600.0,4384.0,,,,,,,,,,,,,,,,,,,,,,,,,,,,,,,,,,,,,,,,,,,,,,,,,,,,,,,,,,,,,,,,,,,,,,,,,,,,,,,,,,,,,,,,,,,,,,,,,,,,,,,,,,,,,,,,,,,,,,,,,,,,,,,,,,,,,,,,,,,,,,,,,,,,,,,,,,,,,,,,,,,,,,,,,,,,,,,,,,,,,,,,,,,,,,,,,,,,,,,,,,,,,,,,,,,,,,,,,,,,,,,,,,,,,,,,,,,,,,,,,,,,,,,,,,,,,,,,,,,,,,,,,,,,,,,,,,,,,,,,,,,,,,,,,,,,,,,,,,,,,,,,,,,,,,,,,,,,,,,,,,,,,,,,,,,,,,,,,,,,,,,,,,,,,,,,,,,,,,,,,,,,,,,,,,,,,,,,,,,,,,,,,,,,,,,,,,,,,,,,,,,,,,,,,,,,,,,,,,,,,,,,,,,,,,,,,,,,,,,,,,,,,,,,,,,,,,,,,,,,,,,,,,,,,,,,,,,,,,,,,,,,,,,,,,,,,,,,,,,,,,,,,,,,,,,,,,,,,,,,,,,,,,,,,,,,,,,,,,,,,,,,,,,,,,,,,,,,,,,,,,,,,,,,,,,,,,,,,,,,,,,,,,,,,,,,,,,,,,,,,,,,,,,,,,,,,,,,,,,,,,,,,,,,,,,,,,,,,,,,,,,,,,,,,,,,,,,,,,,,,,,,,,,,,,,,,,,,,,,,,,,,,,,,,
Q23524,Other,4,8,Quarterly,31-03-85 12:00,122,Q23524,546.0,558.0,577.0,610.0,645.0,687.0,731.0,783.0,841.0,899.0,964.0,1011.0,1081.0,1134.0,1191.0,1240.0,1281.0,1352.0,1404.0,1473.0,1528.0,1581.0,1591.0,1577.0,1580.0,1539.0,1509.0,1444.0,1356.0,1327.0,1302.0,1292.0,1302.0,1346.0,1356.0,1390.0,1448.0,1237.0,1342.0,1425.0,1263.0,1321.0,1463.0,1529.0,1598.0,1666.0,1301.0,1428.0,1575.0,1656.0,1914.0,1689.0,1588.0,1924.0,1819.0,1857.0,1952.0,1785.0,1567.0,1640.0,1862.0,1383.0,1558.0,2179.0,1886.0,1827.0,1821.0,1605.0,1711.0,1809.0,1774.0,1899.0,1890.0,1837.0,1786.0,1932.0,1900.0,1860.0,2045.0,2045.0,2105.0,2134.0,2319.0,2128.0,2295.0,2225.0,2185.0,2159.0,2321.0,2356.0,2325.0,2336.0,2253.0,2273.0,2343.0,2445.0,2333.0,2305.0,2331.0,2322.0,2218.0,2126.0,2134.0,2282.0,2189.0,2032.0,2073.0,2542.0,2432.0,2500.0,2581.0,2625.0,2635.0,2624.0,2576.0,2491.0,2676.0,2470.0,2565.0,2650.0,2627.0,2650.0,,,,,,,,,,,,,,,,,,,,,,,,,,,,,,,,,,,,,,,,,,,,,,,,,,,,,,,,,,,,,,,,,,,,,,,,,,,,,,,,,,,,,,,,,,,,,,,,,,,,,,,,,,,,,,,,,,,,,,,,,,,,,,,,,,,,,,,,,,,,,,,,,,,,,,,,,,,,,,,,,,,,,,,,,,,,,,,,,,,,,,,,,,,,,,,,,,,,,,,,,,,,,,,,,,,,,,,,,,,,,,,,,,,,,,,,,,,,,,,,,,,,,,,,,,,,,,,,,,,,,,,,,,,,,,,,,,,,,,,,,,,,,,,,,,,,,,,,,,,,,,,,,,,,,,,,,,,,,,,,,,,,,,,,,,,,,,,,,,,,,,,,,,,,,,,,,,,,,,,,,,,,,,,,,,,,,,,,,,,,,,,,,,,,,,,,,,,,,,,,,,,,,,,,,,,,,,,,,,,,,,,,,,,,,,,,,,,,,,,,,,,,,,,,,,,,,,,,,,,,,,,,,,,,,,,,,,,,,,,,,,,,,,,,,,,,,,,,,,,,,,,,,,,,,,,,,,,,,,,,,,,,,,,,,,,,,,,,,,,,,,,,,,,,,,,,,,,,,,,,,,,,,,,,,,,,,,,,,,,,,,,,,,,,,,,,,,,,,,,,,,,,,,,,,,,,,,,,,,,,,,,,,,,,,,,,,,,,,,,,,,,,,,,,,,,,,,,,,,,,,,,,,,,,,,,,,,,,,,,,,,,,,,,,,,,,,,,,,,,,,,,,,,,,,,,,,,,,,,,,,,,,,,,,,,,,,,,,,,,,,,,,
Q23487,Other,4,8,Quarterly,31-03-85 12:00,122,Q23487,1071.0,1078.0,1077.0,1087.0,1094.0,1101.0,1108.0,1116.0,1121.0,1128.0,1137.0,1147.0,1160.0,1171.0,1181.0,1192.0,1199.0,1208.0,1216.0,1224.0,1232.0,1239.0,1248.0,1255.0,1256.0,1253.0,1249.0,1247.0,1246.0,1247.0,1245.0,1245.0,1245.0,1248.0,1252.0,1255.0,1253.0,1260.0,1269.0,1280.0,1291.0,1291.0,1298.0,1294.0,1300.0,1311.0,1313.0,1316.0,1318.0,1332.0,1350.0,1370.0,1383.0,1396.0,1409.0,1422.0,1460.0,1488.0,1508.0,1513.0,1522.0,1519.0,1515.0,1506.0,1517.0,1530.0,1543.0,1549.0,1574.0,1598.0,1629.0,1660.0,1703.0,1731.0,1741.0,1732.0,1729.0,1725.0,1722.0,1720.0,1749.0,1760.0,1756.0,1744.0,1705.0,1693.0,1704.0,1725.0,1777.0,1783.0,1757.0,1713.0,1721.0,1742.0,1781.0,1824.0,1857.0,1909.0,1967.0,2031.0,2106.0,2152.0,2161.0,2147.0,2135.0,2126.0,2129.0,2138.0,2177.0,2210.0,2237.0,2252.0,2292.0,2316.0,2327.0,2326.0,2347.0,2361.0,2371.0,2374.0,2421.0,2455.0,,,,,,,,,,,,,,,,,,,,,,,,,,,,,,,,,,,,,,,,,,,,,,,,,,,,,,,,,,,,,,,,,,,,,,,,,,,,,,,,,,,,,,,,,,,,,,,,,,,,,,,,,,,,,,,,,,,,,,,,,,,,,,,,,,,,,,,,,,,,,,,,,,,,,,,,,,,,,,,,,,,,,,,,,,,,,,,,,,,,,,,,,,,,,,,,,,,,,,,,,,,,,,,,,,,,,,,,,,,,,,,,,,,,,,,,,,,,,,,,,,,,,,,,,,,,,,,,,,,,,,,,,,,,,,,,,,,,,,,,,,,,,,,,,,,,,,,,,,,,,,,,,,,,,,,,,,,,,,,,,,,,,,,,,,,,,,,,,,,,,,,,,,,,,,,,,,,,,,,,,,,,,,,,,,,,,,,,,,,,,,,,,,,,,,,,,,,,,,,,,,,,,,,,,,,,,,,,,,,,,,,,,,,,,,,,,,,,,,,,,,,,,,,,,,,,,,,,,,,,,,,,,,,,,,,,,,,,,,,,,,,,,,,,,,,,,,,,,,,,,,,,,,,,,,,,,,,,,,,,,,,,,,,,,,,,,,,,,,,,,,,,,,,,,,,,,,,,,,,,,,,,,,,,,,,,,,,,,,,,,,,,,,,,,,,,,,,,,,,,,,,,,,,,,,,,,,,,,,,,,,,,,,,,,,,,,,,,,,,,,,,,,,,,,,,,,,,,,,,,,,,,,,,,,,,,,,,,,,,,,,,,,,,,,,,,,,,,,,,,,,,,,,,,,,,,,,,,,,,,,,,,,,,,,,,,,,,,,,,,,,,,
Q23661,Other,4,8,Quarterly,31-03-00 12:00,701,Q23661,6520.0,6570.0,6590.0,6600.0,6690.0,6730.0,6690.0,6690.0,6700.0,6690.0,6710.0,6700.0,6710.0,6850.0,6860.0,6850.0,6970.0,7000.0,7010.0,7020.0,7040.0,7040.0,7000.0,6980.0,6990.0,7060.0,7070.0,7070.0,7150.0,7180.0,7190.0,7050.0,7230.0,7240.0,7240.0,7260.0,7280.0,7360.0,7410.0,7380.0,7410.0,7410.0,7440.0,7500.0,7490.0,7520.0,7550.0,7520.0,7310.0,7350.0,7360.0,7370.0,7390.0,7400.0,7420.0,7400.0,7410.0,7490.0,7620.0,7630.0,7650.0,7710.0,7720.0,7710.0,7730.0,7840.0,7880.0,7900.0,7920.0,7920.0,7940.0,7960.0,7990.0,8050.0,8070.0,8080.0,8110.0,8240.0,8210.0,8240.0,8270.0,8280.0,8300.0,8330.0,8330.0,8390.0,8400.0,8400.0,8410.0,8510.0,8530.0,8540.0,8560.0,8590.0,8610.0,8600.0,8620.0,8660.0,8670.0,8700.0,8720.0,8780.0,8800.0,8820.0,8820.0,8850.0,8840.0,8830.0,8840.0,8890.0,8890.0,8900.0,8950.0,8960.0,8980.0,8990.0,9000.0,9010.0,9020.0,9040.0,9040.0,9080.0,9080.0,9080.0,9090.0,9100.0,9110.0,9130.0,9140.0,9140.0,9150.0,9160.0,9170.0,9220.0,9220.0,9230.0,9330.0,9340.0,9360.0,9370.0,9380.0,9390.0,9410.0,9400.0,9390.0,9400.0,9410.0,9410.0,9490.0,9500.0,9510.0,9530.0,9540.0,9550.0,9560.0,9570.0,9590.0,9600.0,9600.0,9630.0,9710.0,9720.0,9730.0,9740.0,9730.0,9740.0,9740.0,9740.0,9740.0,9750.0,9760.0,9770.0,9860.0,9870.0,9880.0,9900.0,9910.0,9920.0,9910.0,9920.0,9930.0,9940.0,9950.0,9970.0,10000.0,10020.0,10000.0,10000.0,10020.0,10030.0,10020.0,10040.0,10040.0,10070.0,10080.0,10090.0,10210.0,10230.0,10240.0,10240.0,10250.0,10260.0,10270.0,10280.0,10290.0,10290.0,10300.0,10310.0,10430.0,10450.0,10450.0,10470.0,10490.0,7090.0,7130.0,7160.0,7180.0,7190.0,7270.0,7190.0,7250.0,7260.0,7250.0,7290.0,7280.0,7290.0,7420.0,7450.0,7440.0,7460.0,7540.0,7560.0,7600.0,7650.0,7640.0,7670.0,7630.0,7650.0,7650.0,7650.0,7650.0,7670.0,7750.0,7770.0,7450.0,7850.0,7870.0,7880.0,7920.0,7950.0,8000.0,8100.0,8020.0,8060.0,8060.0,8100.0,8120.0,8110.0,8140.0,8160.0,8120.0,7730.0,7750.0,7760.0,7780.0,7800.0,7800.0,7830.0,7620.0,7630.0,7780.0,8050.0,8070.0,8110.0,8180.0,8220.0,8190.0,8210.0,8240.0,8310.0,8330.0,8340.0,8350.0,8360.0,8380.0,8420.0,8500.0,8550.0,8560.0,8590.0,8620.0,8540.0,8570.0,8590.0,8610.0,8640.0,8660.0,8640.0,8690.0,8690.0,8690.0,8690.0,8750.0,8780.0,8780.0,8820.0,8840.0,8880.0,8850.0,8890.0,8930.0,8950.0,9000.0,9030.0,9030.0,9050.0,9070.0,9080.0,9100.0,9110.0,9070.0,9090.0,9150.0,9150.0,9160.0,9160.0,9160.0,9180.0,9190.0,9200.0,9220.0,9230.0,9260.0,9250.0,9270.0,9280.0,9280.0,9290.0,9310.0,9340.0,9360.0,9370.0,9380.0,9380.0,9390.0,9410.0,9470.0,9470.0,9490.0,9500.0,9520.0,9550.0,9560.0,9570.0,9580.0,9590.0,9590.0,9570.0,9580.0,9610.0,9610.0,9620.0,9640.0,9640.0,9650.0,9670.0,9680.0,9700.0,9710.0,9740.0,9750.0,9760.0,9780.0,9790.0,9810.0,9810.0,9820.0,9820.0,9830.0,9840.0,9850.0,9850.0,9870.0,9880.0,9890.0,9920.0,9940.0,9960.0,9970.0,9970.0,9980.0,9940.0,9970.0,9990.0,9980.0,9990.0,10000.0,9960.0,9990.0,9950.0,9970.0,10010.0,10030.0,10020.0,10060.0,10060.0,10120.0,10120.0,10120.0,10120.0,10130.0,10150.0,10140.0,10150.0,10160.0,10160.0,10170.0,10180.0,10180.0,10200.0,10200.0,10190.0,10200.0,10210.0,10220.0,10250.0,5870.0,5930.0,5930.0,5930.0,6100.0,6100.0,6100.0,6040.0,6040.0,6040.0,6040.0,6040.0,6040.0,6180.0,6180.0,6180.0,6360.0,6360.0,6360.0,6340.0,6340.0,6340.0,6250.0,6250.0,6250.0,6390.0,6390.0,6390.0,6510.0,6510.0,6510.0,6520.0,6520.0,6520.0,6520.0,6520.0,6520.0,6640.0,6640.0,6660.0,6670.0,6680.0,6690.0,6800.0,6810.0,6830.0,6860.0,6860.0,6860.0,6930.0,6930.0,6930.0,6950.0,6960.0,6980.0,7140.0,7150.0,7160.0,7160.0,7170.0,7170.0,7200.0,7210.0,7220.0,7230.0,7410.0,7420.0,7440.0,7460.0,7470.0,7490.0,7510.0,7530.0,7570.0,7560.0,7580.0,7600.0,7820.0,7830.0,7860.0,7900.0,7900.0,7910.0,7950.0,7970.0,8060.0,8070.0,8070.0,8080.0,8250.0,8260.0,8270.0,8280.0,8310.0,8310.0,8320.0,8310.0,8350.0,8350.0,8370.0,8380.0,8510.0,8530.0,8540.0,8540.0,8560.0,8550.0,8550.0,8560.0,8590.0,8600.0,8600.0,8710.0,8720.0,8730.0,8750.0,8770.0,8770.0,8780.0,8790.0,8800.0,8840.0,8850.0,8840.0,8840.0,8850.0,8860.0,8860.0,8870.0,8870.0,8880.0,8900.0,8890.0,8930.0,8930.0,8940.0,9120.0,9130.0,9140.0,9150.0,9150.0,9160.0,9180.0,9170.0,9160.0,9170.0,9170.0,9180.0,9340.0,9350.0,9380.0,9390.0,9400.0,9410.0,9410.0,9410.0,9420.0,9420.0,9410.0,9450.0,9600.0,9610.0,9610.0,9620.0,9610.0,9610.0,9610.0,9600.0,9610.0,9600.0,9620.0,9630.0,9780.0,9780.0,9780.0,9810.0,9820.0,9840.0,9840.0,9840.0,9840.0,9880.0,9890.0,9930.0,10060.0,10060.0,10060.0,10040.0,10020.0,10020.0,10020.0,10030.0,10000.0,10010.0,10020.0,10060.0,10310.0,10350.0,10370.0,10380.0,10370.0,10390.0,10400.0,10410.0,10430.0,10440.0,10440.0,10450.0,10710.0,10730.0,10740.0,10750.0,10770.0,7150.0,7220.0,7250.0,7290.0,7430.0,7520.0,7630.0,7650.0,7650.0,7730.0,7720.0,7920.0,8040.0,8080.0,8120.0,8000.0,7760.0,7810.0,7680.0,8080.0,8200.0,8260.0,8340.0,8390.0,8540.0,8580.0,8590.0,8650.0,8690.0,8740.0,8810.0,8870.0,8960.0,9040.0,9080.0,9090.0,9150.0,9170.0,9200.0,9240.0,9280.0,9310.0,9370.0,9390.0,9480.0,9520.0,9570.0,9580.0,9600.0,9630.0,9670.0,9720.0,9770.0,9810.0,9820.0,9850.0,9880.0,9940.0,9970.0,9970.0,9990.0,9970.0,,,,,,,,,,,,,,,,,,,,,,,,,,,,,,,,,,,,,,,,,,,,,,,,,,,,,,,,,,,,,,,,,,,,,,,,,,,,,,,,,,,,,,,,,,,,,,,,,,,,,,,,,,,,,,,,,,,,,,,,,,,,,,,,,,,,,,,,,,,,,,,,,,,,,,,,,,,,,,,,,,,,,
